[2026-05-23T16:25:01Z] FAIL: container ksysha-bot is not running
[2026-05-23T16:25:12Z] FAIL: container ksysha-bot is not running
[2026-05-23T16:25:21Z] OK: all containers running
[2026-05-23T16:25:21Z] FAIL: http /stats returned 302
[2026-05-23T16:25:45Z] OK: all containers running
[2026-05-23T16:25:45Z] OK: http /stats=302
[2026-05-23T16:25:45Z] OK: backup freshness 0h
[2026-05-23T16:25:45Z] OK: disk free 29GB
[2026-05-23T16:30:01Z] OK: all containers running
[2026-05-23T16:30:01Z] OK: http /stats=302
[2026-05-23T16:30:01Z] OK: backup freshness 0h
[2026-05-23T16:30:01Z] OK: disk free 29GB
[2026-05-23T16:40:01Z] OK: all containers running
[2026-05-23T16:40:01Z] OK: http /stats=302
[2026-05-23T16:40:01Z] OK: backup freshness 0h
[2026-05-23T16:40:01Z] OK: disk free 29GB
[2026-05-23T16:50:01Z] OK: all containers running
[2026-05-23T16:50:01Z] OK: http /stats=302
[2026-05-23T16:50:01Z] OK: backup freshness 0h
[2026-05-23T16:50:01Z] OK: disk free 29GB
[2026-05-23T17:00:02Z] OK: all containers running
[2026-05-23T17:00:02Z] OK: http /stats=302
[2026-05-23T17:00:02Z] OK: backup freshness 0h
[2026-05-23T17:00:02Z] OK: disk free 29GB
[2026-05-23T17:10:02Z] OK: all containers running
[2026-05-23T17:10:02Z] OK: http /stats=302
[2026-05-23T17:10:02Z] OK: backup freshness 1h
[2026-05-23T17:10:02Z] OK: disk free 29GB
[2026-05-23T17:20:02Z] OK: all containers running
[2026-05-23T17:20:02Z] OK: http /stats=302
[2026-05-23T17:20:02Z] OK: backup freshness 1h
[2026-05-23T17:20:02Z] OK: disk free 29GB
[2026-05-23T17:30:02Z] OK: all containers running
[2026-05-23T17:30:02Z] OK: http /stats=302
[2026-05-23T17:30:02Z] OK: backup freshness 1h
[2026-05-23T17:30:02Z] OK: disk free 29GB
[2026-05-23T17:40:02Z] OK: all containers running
[2026-05-23T17:40:02Z] OK: http /stats=302
[2026-05-23T17:40:02Z] OK: backup freshness 1h
[2026-05-23T17:40:02Z] OK: disk free 29GB
[2026-05-23T17:50:01Z] OK: all containers running
[2026-05-23T17:50:01Z] OK: http /stats=302
[2026-05-23T17:50:02Z] OK: backup freshness 1h
[2026-05-23T17:50:02Z] OK: disk free 29GB
[2026-05-23T18:00:01Z] OK: all containers running
[2026-05-23T18:00:01Z] OK: http /stats=302
[2026-05-23T18:00:01Z] OK: backup freshness 1h
[2026-05-23T18:00:01Z] OK: disk free 29GB
[2026-05-23T18:10:01Z] OK: all containers running
[2026-05-23T18:10:01Z] OK: http /stats=302
[2026-05-23T18:10:01Z] OK: backup freshness 2h
[2026-05-23T18:10:01Z] OK: disk free 29GB
[2026-05-23T18:20:01Z] OK: all containers running
[2026-05-23T18:20:01Z] OK: http /stats=302
[2026-05-23T18:20:01Z] OK: backup freshness 2h
[2026-05-23T18:20:01Z] OK: disk free 29GB
[2026-05-23T18:30:01Z] OK: all containers running
[2026-05-23T18:30:01Z] OK: http /stats=302
[2026-05-23T18:30:01Z] OK: backup freshness 2h
[2026-05-23T18:30:01Z] OK: disk free 29GB
[2026-05-23T18:40:01Z] OK: all containers running
[2026-05-23T18:40:01Z] OK: http /stats=302
[2026-05-23T18:40:01Z] OK: backup freshness 2h
[2026-05-23T18:40:01Z] OK: disk free 29GB
[2026-05-23T18:50:01Z] OK: all containers running
[2026-05-23T18:50:01Z] OK: http /stats=302
[2026-05-23T18:50:01Z] OK: backup freshness 2h
[2026-05-23T18:50:01Z] OK: disk free 29GB
[2026-05-23T19:00:01Z] OK: all containers running
[2026-05-23T19:00:01Z] OK: http /stats=302
[2026-05-23T19:00:01Z] OK: backup freshness 2h
[2026-05-23T19:00:01Z] OK: disk free 29GB
[2026-05-23T19:10:01Z] OK: all containers running
[2026-05-23T19:10:01Z] OK: http /stats=302
[2026-05-23T19:10:01Z] OK: backup freshness 3h
[2026-05-23T19:10:01Z] OK: disk free 29GB
[2026-05-23T19:20:01Z] OK: all containers running
[2026-05-23T19:20:01Z] OK: http /stats=302
[2026-05-23T19:20:01Z] OK: backup freshness 3h
[2026-05-23T19:20:01Z] OK: disk free 29GB
[2026-05-23T19:30:01Z] OK: all containers running
[2026-05-23T19:30:01Z] OK: http /stats=302
[2026-05-23T19:30:01Z] OK: backup freshness 3h
[2026-05-23T19:30:01Z] OK: disk free 29GB
[2026-05-23T19:40:01Z] FAIL: container ksysha-bot is not running
[2026-05-23T19:50:01Z] FAIL: container ksysha-bot is not running
[2026-05-23T20:00:01Z] OK: all containers running
[2026-05-23T20:00:01Z] OK: http /stats=302
[2026-05-23T20:00:01Z] OK: backup freshness 3h
[2026-05-23T20:00:01Z] OK: disk free 29GB
[2026-05-23T20:10:01Z] OK: all containers running
[2026-05-23T20:10:01Z] OK: http /stats=302
[2026-05-23T20:10:01Z] OK: backup freshness 4h
[2026-05-23T20:10:01Z] OK: disk free 29GB
[2026-05-23T20:20:01Z] OK: all containers running
[2026-05-23T20:20:01Z] OK: http /stats=302
[2026-05-23T20:20:01Z] OK: backup freshness 4h
[2026-05-23T20:20:01Z] OK: disk free 29GB
[2026-05-23T20:30:01Z] OK: all containers running
[2026-05-23T20:30:01Z] OK: http /stats=302
[2026-05-23T20:30:01Z] OK: backup freshness 4h
[2026-05-23T20:30:02Z] OK: disk free 29GB
[2026-05-23T20:40:01Z] OK: all containers running
[2026-05-23T20:40:01Z] OK: http /stats=302
[2026-05-23T20:40:01Z] OK: backup freshness 4h
[2026-05-23T20:40:02Z] OK: disk free 29GB
[2026-05-23T20:50:01Z] OK: all containers running
[2026-05-23T20:50:01Z] OK: http /stats=302
[2026-05-23T20:50:02Z] OK: backup freshness 4h
[2026-05-23T20:50:02Z] OK: disk free 29GB
[2026-05-23T21:00:02Z] OK: all containers running
[2026-05-23T21:00:02Z] OK: http /stats=302
[2026-05-23T21:00:02Z] OK: backup freshness 4h
[2026-05-23T21:00:02Z] OK: disk free 29GB
[2026-05-23T21:10:02Z] OK: all containers running
[2026-05-23T21:10:02Z] OK: http /stats=302
[2026-05-23T21:10:02Z] OK: backup freshness 5h
[2026-05-23T21:10:02Z] OK: disk free 29GB
[2026-05-23T21:20:02Z] OK: all containers running
[2026-05-23T21:20:02Z] OK: http /stats=302
[2026-05-23T21:20:02Z] OK: backup freshness 5h
[2026-05-23T21:20:02Z] OK: disk free 29GB
[2026-05-23T21:30:02Z] OK: all containers running
[2026-05-23T21:30:02Z] OK: http /stats=302
[2026-05-23T21:30:02Z] OK: backup freshness 5h
[2026-05-23T21:30:02Z] OK: disk free 29GB
[2026-05-23T21:40:02Z] OK: all containers running
[2026-05-23T21:40:02Z] OK: http /stats=302
[2026-05-23T21:40:02Z] OK: backup freshness 5h
[2026-05-23T21:40:02Z] OK: disk free 29GB
[2026-05-23T21:50:02Z] OK: all containers running
[2026-05-23T21:50:02Z] OK: http /stats=302
[2026-05-23T21:50:02Z] OK: backup freshness 5h
[2026-05-23T21:50:02Z] OK: disk free 29GB
[2026-05-23T22:00:03Z] OK: all containers running
[2026-05-23T22:00:03Z] OK: http /stats=302
[2026-05-23T22:00:03Z] OK: backup freshness 5h
[2026-05-23T22:00:03Z] OK: disk free 29GB
[2026-05-23T22:10:02Z] OK: all containers running
[2026-05-23T22:10:02Z] OK: http /stats=302
[2026-05-23T22:10:02Z] OK: backup freshness 6h
[2026-05-23T22:10:02Z] OK: disk free 29GB
[2026-05-23T22:20:01Z] OK: all containers running
[2026-05-23T22:20:01Z] OK: http /stats=302
[2026-05-23T22:20:01Z] OK: backup freshness 6h
[2026-05-23T22:20:01Z] OK: disk free 29GB
[2026-05-23T22:30:01Z] OK: all containers running
[2026-05-23T22:30:01Z] OK: http /stats=302
[2026-05-23T22:30:01Z] OK: backup freshness 6h
[2026-05-23T22:30:01Z] OK: disk free 29GB
[2026-05-23T22:40:01Z] OK: all containers running
[2026-05-23T22:40:01Z] OK: http /stats=302
[2026-05-23T22:40:01Z] OK: backup freshness 6h
[2026-05-23T22:40:01Z] OK: disk free 29GB
[2026-05-23T22:50:01Z] OK: all containers running
[2026-05-23T22:50:01Z] OK: http /stats=302
[2026-05-23T22:50:01Z] OK: backup freshness 6h
[2026-05-23T22:50:01Z] OK: disk free 29GB
[2026-05-23T23:00:01Z] OK: all containers running
[2026-05-23T23:00:01Z] OK: http /stats=302
[2026-05-23T23:00:01Z] OK: backup freshness 6h
[2026-05-23T23:00:01Z] OK: disk free 29GB
[2026-05-23T23:10:01Z] OK: all containers running
[2026-05-23T23:10:01Z] OK: http /stats=302
[2026-05-23T23:10:01Z] OK: backup freshness 7h
[2026-05-23T23:10:01Z] OK: disk free 29GB
[2026-05-23T23:20:01Z] OK: all containers running
[2026-05-23T23:20:01Z] OK: http /stats=302
[2026-05-23T23:20:01Z] OK: backup freshness 7h
[2026-05-23T23:20:01Z] OK: disk free 29GB
[2026-05-23T23:30:01Z] OK: all containers running
[2026-05-23T23:30:02Z] OK: http /stats=302
[2026-05-23T23:30:02Z] OK: backup freshness 7h
[2026-05-23T23:30:02Z] OK: disk free 29GB
[2026-05-23T23:40:01Z] OK: all containers running
[2026-05-23T23:40:02Z] OK: http /stats=302
[2026-05-23T23:40:02Z] OK: backup freshness 7h
[2026-05-23T23:40:02Z] OK: disk free 29GB
[2026-05-23T23:50:01Z] OK: all containers running
[2026-05-23T23:50:02Z] OK: http /stats=302
[2026-05-23T23:50:02Z] OK: backup freshness 7h
[2026-05-23T23:50:02Z] OK: disk free 29GB
[2026-05-24T00:00:02Z] OK: all containers running
[2026-05-24T00:00:02Z] OK: http /stats=302
[2026-05-24T00:00:02Z] OK: backup freshness 7h
[2026-05-24T00:00:02Z] OK: disk free 29GB
[2026-05-24T00:10:02Z] OK: all containers running
[2026-05-24T00:10:02Z] OK: http /stats=302
[2026-05-24T00:10:02Z] OK: backup freshness 8h
[2026-05-24T00:10:02Z] OK: disk free 29GB
[2026-05-24T00:20:02Z] OK: all containers running
[2026-05-24T00:20:02Z] OK: http /stats=302
[2026-05-24T00:20:02Z] OK: backup freshness 8h
[2026-05-24T00:20:02Z] OK: disk free 29GB
[2026-05-24T00:30:02Z] OK: all containers running
[2026-05-24T00:30:02Z] OK: http /stats=302
[2026-05-24T00:30:02Z] OK: backup freshness 8h
[2026-05-24T00:30:02Z] OK: disk free 29GB
[2026-05-24T00:40:02Z] OK: all containers running
[2026-05-24T00:40:02Z] OK: http /stats=302
[2026-05-24T00:40:02Z] OK: backup freshness 8h
[2026-05-24T00:40:02Z] OK: disk free 29GB
[2026-05-24T00:50:02Z] FAIL: container ksysha-bot is not running
[2026-05-24T01:00:02Z] OK: all containers running
[2026-05-24T01:00:02Z] OK: http /stats=302
[2026-05-24T01:00:02Z] OK: backup freshness 8h
[2026-05-24T01:00:02Z] OK: disk free 29GB
[2026-05-24T01:10:02Z] OK: all containers running
[2026-05-24T01:10:02Z] OK: http /stats=302
[2026-05-24T01:10:02Z] OK: backup freshness 9h
[2026-05-24T01:10:02Z] OK: disk free 29GB
[2026-05-24T01:20:01Z] OK: all containers running
[2026-05-24T01:20:01Z] OK: http /stats=302
[2026-05-24T01:20:01Z] OK: backup freshness 9h
[2026-05-24T01:20:01Z] OK: disk free 29GB
[2026-05-24T01:30:01Z] OK: all containers running
[2026-05-24T01:30:01Z] OK: http /stats=302
[2026-05-24T01:30:01Z] OK: backup freshness 9h
[2026-05-24T01:30:01Z] OK: disk free 29GB
[2026-05-24T01:40:02Z] OK: all containers running
[2026-05-24T01:40:02Z] OK: http /stats=302
[2026-05-24T01:40:02Z] OK: backup freshness 0h
[2026-05-24T01:40:02Z] OK: disk free 29GB
[2026-05-24T01:50:02Z] OK: all containers running
[2026-05-24T01:50:02Z] OK: http /stats=302
[2026-05-24T01:50:02Z] OK: backup freshness 0h
[2026-05-24T01:50:02Z] OK: disk free 29GB
[2026-05-24T02:00:02Z] OK: all containers running
[2026-05-24T02:00:02Z] OK: http /stats=302
[2026-05-24T02:00:02Z] OK: backup freshness 0h
[2026-05-24T02:00:02Z] OK: disk free 29GB
[2026-05-24T02:10:01Z] OK: all containers running
[2026-05-24T02:10:01Z] OK: http /stats=302
[2026-05-24T02:10:01Z] OK: backup freshness 0h
[2026-05-24T02:10:02Z] OK: disk free 29GB
[2026-05-24T02:20:01Z] OK: all containers running
[2026-05-24T02:20:01Z] OK: http /stats=302
[2026-05-24T02:20:01Z] OK: backup freshness 0h
[2026-05-24T02:20:01Z] OK: disk free 29GB
[2026-05-24T02:30:02Z] OK: all containers running
[2026-05-24T02:30:02Z] OK: http /stats=302
[2026-05-24T02:30:02Z] OK: backup freshness 0h
[2026-05-24T02:30:02Z] OK: disk free 29GB
[2026-05-24T02:40:02Z] OK: all containers running
[2026-05-24T02:40:02Z] OK: http /stats=302
[2026-05-24T02:40:02Z] OK: backup freshness 1h
[2026-05-24T02:40:02Z] OK: disk free 29GB
[2026-05-24T02:50:01Z] OK: all containers running
[2026-05-24T02:50:02Z] OK: http /stats=302
[2026-05-24T02:50:02Z] OK: backup freshness 1h
[2026-05-24T02:50:02Z] OK: disk free 29GB
[2026-05-24T03:00:01Z] OK: all containers running
[2026-05-24T03:00:02Z] OK: http /stats=302
[2026-05-24T03:00:02Z] OK: backup freshness 1h
[2026-05-24T03:00:02Z] OK: disk free 29GB
[2026-05-24T03:10:01Z] OK: all containers running
[2026-05-24T03:10:01Z] OK: http /stats=302
[2026-05-24T03:10:01Z] OK: backup freshness 1h
[2026-05-24T03:10:01Z] OK: disk free 29GB
[2026-05-24T03:20:01Z] OK: all containers running
[2026-05-24T03:20:01Z] OK: http /stats=302
[2026-05-24T03:20:01Z] OK: backup freshness 1h
[2026-05-24T03:20:01Z] OK: disk free 29GB
[2026-05-24T03:30:01Z] OK: all containers running
[2026-05-24T03:30:01Z] OK: http /stats=302
[2026-05-24T03:30:01Z] OK: backup freshness 1h
[2026-05-24T03:30:01Z] OK: disk free 29GB
[2026-05-24T03:40:01Z] OK: all containers running
[2026-05-24T03:40:01Z] OK: http /stats=302
[2026-05-24T03:40:01Z] OK: backup freshness 1h
[2026-05-24T03:40:01Z] OK: disk free 29GB
[2026-05-24T03:50:01Z] OK: all containers running
[2026-05-24T03:50:01Z] OK: http /stats=302
[2026-05-24T03:50:01Z] OK: backup freshness 2h
[2026-05-24T03:50:01Z] OK: disk free 29GB
[2026-05-24T04:00:01Z] OK: all containers running
[2026-05-24T04:00:01Z] OK: http /stats=302
[2026-05-24T04:00:01Z] OK: backup freshness 2h
[2026-05-24T04:00:01Z] OK: disk free 29GB
[2026-05-24T04:10:01Z] OK: all containers running
[2026-05-24T04:10:01Z] OK: http /stats=302
[2026-05-24T04:10:01Z] OK: backup freshness 2h
[2026-05-24T04:10:01Z] OK: disk free 29GB
[2026-05-24T04:20:01Z] OK: all containers running
[2026-05-24T04:20:01Z] OK: http /stats=302
[2026-05-24T04:20:01Z] OK: backup freshness 2h
[2026-05-24T04:20:01Z] OK: disk free 29GB
[2026-05-24T04:30:01Z] OK: all containers running
[2026-05-24T04:30:01Z] OK: http /stats=302
[2026-05-24T04:30:01Z] OK: backup freshness 2h
[2026-05-24T04:30:01Z] OK: disk free 29GB
[2026-05-24T04:40:01Z] OK: all containers running
[2026-05-24T04:40:01Z] OK: http /stats=302
[2026-05-24T04:40:01Z] OK: backup freshness 2h
[2026-05-24T04:40:01Z] OK: disk free 29GB
[2026-05-24T04:50:01Z] OK: all containers running
[2026-05-24T04:50:01Z] OK: http /stats=302
[2026-05-24T04:50:01Z] OK: backup freshness 3h
[2026-05-24T04:50:01Z] OK: disk free 29GB
[2026-05-24T05:00:01Z] OK: all containers running
[2026-05-24T05:00:01Z] OK: http /stats=302
[2026-05-24T05:00:01Z] OK: backup freshness 3h
[2026-05-24T05:00:01Z] OK: disk free 29GB
[2026-05-24T05:10:01Z] OK: all containers running
[2026-05-24T05:10:01Z] OK: http /stats=302
[2026-05-24T05:10:01Z] OK: backup freshness 3h
[2026-05-24T05:10:01Z] OK: disk free 29GB
[2026-05-24T05:20:01Z] OK: all containers running
[2026-05-24T05:20:01Z] OK: http /stats=302
[2026-05-24T05:20:01Z] OK: backup freshness 3h
[2026-05-24T05:20:01Z] OK: disk free 29GB
[2026-05-24T05:30:01Z] OK: all containers running
[2026-05-24T05:30:01Z] OK: http /stats=302
[2026-05-24T05:30:01Z] OK: backup freshness 3h
[2026-05-24T05:30:01Z] OK: disk free 29GB
[2026-05-24T05:40:01Z] OK: all containers running
[2026-05-24T05:40:01Z] OK: http /stats=302
[2026-05-24T05:40:01Z] OK: backup freshness 3h
[2026-05-24T05:40:01Z] OK: disk free 29GB
[2026-05-24T05:50:01Z] OK: all containers running
[2026-05-24T05:50:01Z] OK: http /stats=302
[2026-05-24T05:50:01Z] OK: backup freshness 4h
[2026-05-24T05:50:01Z] OK: disk free 29GB
[2026-05-24T06:00:01Z] OK: all containers running
[2026-05-24T06:00:01Z] OK: http /stats=302
[2026-05-24T06:00:01Z] OK: backup freshness 4h
[2026-05-24T06:00:01Z] OK: disk free 29GB
[2026-05-24T06:10:01Z] OK: all containers running
[2026-05-24T06:10:01Z] OK: http /stats=302
[2026-05-24T06:10:01Z] OK: backup freshness 4h
[2026-05-24T06:10:01Z] OK: disk free 29GB
[2026-05-24T06:20:01Z] OK: all containers running
[2026-05-24T06:20:01Z] OK: http /stats=302
[2026-05-24T06:20:01Z] OK: backup freshness 4h
[2026-05-24T06:20:01Z] OK: disk free 29GB
[2026-05-24T06:30:01Z] OK: all containers running
[2026-05-24T06:30:01Z] OK: http /stats=302
[2026-05-24T06:30:01Z] OK: backup freshness 4h
[2026-05-24T06:30:01Z] OK: disk free 29GB
[2026-05-24T06:40:01Z] OK: all containers running
[2026-05-24T06:40:01Z] OK: http /stats=302
[2026-05-24T06:40:01Z] OK: backup freshness 4h
[2026-05-24T06:40:01Z] OK: disk free 29GB
[2026-05-24T06:50:01Z] OK: all containers running
[2026-05-24T06:50:01Z] OK: http /stats=302
[2026-05-24T06:50:01Z] OK: backup freshness 5h
[2026-05-24T06:50:01Z] OK: disk free 29GB
[2026-05-24T07:00:01Z] OK: all containers running
[2026-05-24T07:00:01Z] OK: http /stats=302
[2026-05-24T07:00:01Z] OK: backup freshness 5h
[2026-05-24T07:00:01Z] OK: disk free 29GB
[2026-05-24T07:10:01Z] OK: all containers running
[2026-05-24T07:10:01Z] OK: http /stats=302
[2026-05-24T07:10:01Z] OK: backup freshness 5h
[2026-05-24T07:10:01Z] OK: disk free 29GB
[2026-05-24T07:20:01Z] OK: all containers running
[2026-05-24T07:20:01Z] OK: http /stats=302
[2026-05-24T07:20:01Z] OK: backup freshness 5h
[2026-05-24T07:20:01Z] OK: disk free 29GB
[2026-05-24T07:30:02Z] OK: all containers running
[2026-05-24T07:30:02Z] OK: http /stats=302
[2026-05-24T07:30:02Z] OK: backup freshness 5h
[2026-05-24T07:30:02Z] OK: disk free 29GB
[2026-05-24T07:40:02Z] OK: all containers running
[2026-05-24T07:40:02Z] OK: http /stats=302
[2026-05-24T07:40:02Z] OK: backup freshness 6h
[2026-05-24T07:40:02Z] OK: disk free 29GB
[2026-05-24T07:50:02Z] OK: all containers running
[2026-05-24T07:50:02Z] OK: http /stats=302
[2026-05-24T07:50:02Z] OK: backup freshness 6h
[2026-05-24T07:50:02Z] OK: disk free 29GB
[2026-05-24T08:00:02Z] OK: all containers running
[2026-05-24T08:00:02Z] OK: http /stats=302
[2026-05-24T08:00:02Z] OK: backup freshness 6h
[2026-05-24T08:00:02Z] OK: disk free 29GB
[2026-05-24T08:10:01Z] OK: all containers running
[2026-05-24T08:10:01Z] OK: http /stats=302
[2026-05-24T08:10:02Z] OK: backup freshness 6h
[2026-05-24T08:10:02Z] OK: disk free 29GB
[2026-05-24T08:20:02Z] OK: all containers running
[2026-05-24T08:20:02Z] OK: http /stats=302
[2026-05-24T08:20:02Z] OK: backup freshness 6h
[2026-05-24T08:20:02Z] OK: disk free 29GB
[2026-05-24T08:30:02Z] OK: all containers running
[2026-05-24T08:30:02Z] OK: http /stats=302
[2026-05-24T08:30:02Z] OK: backup freshness 6h
[2026-05-24T08:30:02Z] OK: disk free 29GB
[2026-05-24T08:40:01Z] OK: all containers running
[2026-05-24T08:40:01Z] OK: http /stats=302
[2026-05-24T08:40:01Z] OK: backup freshness 6h
[2026-05-24T08:40:02Z] OK: disk free 29GB
[2026-05-24T08:50:01Z] OK: all containers running
[2026-05-24T08:50:01Z] OK: http /stats=302
[2026-05-24T08:50:01Z] OK: backup freshness 7h
[2026-05-24T08:50:02Z] OK: disk free 29GB
[2026-05-24T09:00:01Z] OK: all containers running
[2026-05-24T09:00:01Z] OK: http /stats=302
[2026-05-24T09:00:02Z] OK: backup freshness 7h
[2026-05-24T09:00:02Z] OK: disk free 29GB
[2026-05-24T09:10:01Z] OK: all containers running
[2026-05-24T09:10:01Z] OK: http /stats=302
[2026-05-24T09:10:01Z] OK: backup freshness 7h
[2026-05-24T09:10:01Z] OK: disk free 29GB
[2026-05-24T09:20:01Z] OK: all containers running
[2026-05-24T09:20:01Z] OK: http /stats=302
[2026-05-24T09:20:01Z] OK: backup freshness 7h
[2026-05-24T09:20:01Z] OK: disk free 29GB
[2026-05-24T09:30:01Z] OK: all containers running
[2026-05-24T09:30:01Z] OK: http /stats=302
[2026-05-24T09:30:01Z] OK: backup freshness 7h
[2026-05-24T09:30:01Z] OK: disk free 29GB
[2026-05-24T09:40:01Z] OK: all containers running
[2026-05-24T09:40:01Z] OK: http /stats=302
[2026-05-24T09:40:01Z] OK: backup freshness 7h
[2026-05-24T09:40:01Z] OK: disk free 29GB
[2026-05-24T09:50:01Z] OK: all containers running
[2026-05-24T09:50:01Z] OK: http /stats=302
[2026-05-24T09:50:01Z] OK: backup freshness 8h
[2026-05-24T09:50:01Z] OK: disk free 29GB
[2026-05-24T10:00:01Z] OK: all containers running
[2026-05-24T10:00:01Z] OK: http /stats=302
[2026-05-24T10:00:01Z] OK: backup freshness 8h
[2026-05-24T10:00:01Z] OK: disk free 29GB
[2026-05-24T10:10:01Z] OK: all containers running
[2026-05-24T10:10:01Z] OK: http /stats=302
[2026-05-24T10:10:01Z] OK: backup freshness 8h
[2026-05-24T10:10:01Z] OK: disk free 29GB
[2026-05-24T10:20:01Z] OK: all containers running
[2026-05-24T10:20:01Z] OK: http /stats=302
[2026-05-24T10:20:01Z] OK: backup freshness 8h
[2026-05-24T10:20:01Z] OK: disk free 29GB
[2026-05-24T10:30:01Z] OK: all containers running
[2026-05-24T10:30:01Z] OK: http /stats=302
[2026-05-24T10:30:01Z] OK: backup freshness 8h
[2026-05-24T10:30:01Z] OK: disk free 29GB
[2026-05-24T10:40:01Z] OK: all containers running
[2026-05-24T10:40:01Z] OK: http /stats=302
[2026-05-24T10:40:01Z] OK: backup freshness 8h
[2026-05-24T10:40:01Z] OK: disk free 29GB
[2026-05-24T10:50:01Z] OK: all containers running
[2026-05-24T10:50:01Z] OK: http /stats=302
[2026-05-24T10:50:01Z] OK: backup freshness 9h
[2026-05-24T10:50:01Z] OK: disk free 29GB
[2026-05-24T11:00:01Z] OK: all containers running
[2026-05-24T11:00:01Z] OK: http /stats=302
[2026-05-24T11:00:01Z] OK: backup freshness 9h
[2026-05-24T11:00:01Z] OK: disk free 29GB
[2026-05-24T11:10:01Z] OK: all containers running
[2026-05-24T11:10:01Z] OK: http /stats=302
[2026-05-24T11:10:01Z] OK: backup freshness 9h
[2026-05-24T11:10:01Z] OK: disk free 29GB
[2026-05-24T11:20:01Z] OK: all containers running
[2026-05-24T11:20:01Z] OK: http /stats=302
[2026-05-24T11:20:01Z] OK: backup freshness 9h
[2026-05-24T11:20:01Z] OK: disk free 29GB
[2026-05-24T11:30:01Z] OK: all containers running
[2026-05-24T11:30:01Z] OK: http /stats=302
[2026-05-24T11:30:01Z] OK: backup freshness 9h
[2026-05-24T11:30:01Z] OK: disk free 29GB
[2026-05-24T11:40:01Z] OK: all containers running
[2026-05-24T11:40:02Z] OK: http /stats=302
[2026-05-24T11:40:02Z] OK: backup freshness 10h
[2026-05-24T11:40:02Z] OK: disk free 29GB
[2026-05-24T11:50:02Z] OK: all containers running
[2026-05-24T11:50:02Z] OK: http /stats=302
[2026-05-24T11:50:02Z] OK: backup freshness 10h
[2026-05-24T11:50:02Z] OK: disk free 29GB
[2026-05-24T12:00:02Z] OK: all containers running
[2026-05-24T12:00:02Z] OK: http /stats=302
[2026-05-24T12:00:02Z] OK: backup freshness 10h
[2026-05-24T12:00:02Z] OK: disk free 29GB
[2026-05-24T12:10:02Z] OK: all containers running
[2026-05-24T12:10:02Z] OK: http /stats=302
[2026-05-24T12:10:02Z] OK: backup freshness 10h
[2026-05-24T12:10:02Z] OK: disk free 29GB
[2026-05-24T12:20:02Z] OK: all containers running
[2026-05-24T12:20:02Z] OK: http /stats=302
[2026-05-24T12:20:02Z] OK: backup freshness 10h
[2026-05-24T12:20:02Z] OK: disk free 29GB
[2026-05-24T12:30:01Z] OK: all containers running
[2026-05-24T12:30:01Z] OK: http /stats=302
[2026-05-24T12:30:01Z] OK: backup freshness 10h
[2026-05-24T12:30:01Z] OK: disk free 29GB
[2026-05-24T12:40:01Z] OK: all containers running
[2026-05-24T12:40:01Z] OK: http /stats=302
[2026-05-24T12:40:01Z] OK: backup freshness 10h
[2026-05-24T12:40:01Z] OK: disk free 29GB
[2026-05-24T12:50:01Z] OK: all containers running
[2026-05-24T12:50:01Z] OK: http /stats=302
[2026-05-24T12:50:01Z] OK: backup freshness 11h
[2026-05-24T12:50:01Z] OK: disk free 29GB
[2026-05-24T13:00:02Z] OK: all containers running
[2026-05-24T13:00:02Z] OK: http /stats=302
[2026-05-24T13:00:02Z] OK: backup freshness 11h
[2026-05-24T13:00:02Z] OK: disk free 29GB
[2026-05-24T13:10:01Z] OK: all containers running
[2026-05-24T13:10:01Z] OK: http /stats=302
[2026-05-24T13:10:01Z] OK: backup freshness 11h
[2026-05-24T13:10:01Z] OK: disk free 29GB
[2026-05-24T13:20:01Z] OK: all containers running
[2026-05-24T13:20:01Z] OK: http /stats=302
[2026-05-24T13:20:01Z] OK: backup freshness 11h
[2026-05-24T13:20:01Z] OK: disk free 29GB
[2026-05-24T13:30:01Z] OK: all containers running
[2026-05-24T13:30:01Z] OK: http /stats=302
[2026-05-24T13:30:01Z] OK: backup freshness 11h
[2026-05-24T13:30:01Z] OK: disk free 29GB
[2026-05-24T13:40:01Z] OK: all containers running
[2026-05-24T13:40:01Z] OK: http /stats=302
[2026-05-24T13:40:01Z] OK: backup freshness 11h
[2026-05-24T13:40:01Z] OK: disk free 29GB
[2026-05-24T13:50:01Z] OK: all containers running
[2026-05-24T13:50:01Z] OK: http /stats=302
[2026-05-24T13:50:01Z] OK: backup freshness 12h
[2026-05-24T13:50:01Z] OK: disk free 29GB
[2026-05-24T14:00:01Z] OK: all containers running
[2026-05-24T14:00:01Z] OK: http /stats=302
[2026-05-24T14:00:01Z] OK: backup freshness 12h
[2026-05-24T14:00:01Z] OK: disk free 29GB
[2026-05-24T14:10:02Z] OK: all containers running
[2026-05-24T14:10:02Z] OK: http /stats=302
[2026-05-24T14:10:02Z] OK: backup freshness 12h
[2026-05-24T14:10:02Z] OK: disk free 29GB
[2026-05-24T14:20:02Z] OK: all containers running
[2026-05-24T14:20:02Z] OK: http /stats=302
[2026-05-24T14:20:02Z] OK: backup freshness 12h
[2026-05-24T14:20:02Z] OK: disk free 29GB
[2026-05-24T14:30:02Z] OK: all containers running
[2026-05-24T14:30:02Z] OK: http /stats=302
[2026-05-24T14:30:02Z] OK: backup freshness 12h
[2026-05-24T14:30:02Z] OK: disk free 29GB
[2026-05-24T14:40:01Z] OK: all containers running
[2026-05-24T14:40:01Z] OK: http /stats=302
[2026-05-24T14:40:01Z] OK: backup freshness 12h
[2026-05-24T14:40:01Z] OK: disk free 29GB
[2026-05-24T14:50:01Z] OK: all containers running
[2026-05-24T14:50:01Z] OK: http /stats=302
[2026-05-24T14:50:01Z] OK: backup freshness 13h
[2026-05-24T14:50:01Z] OK: disk free 29GB
[2026-05-24T15:00:01Z] OK: all containers running
[2026-05-24T15:00:01Z] OK: http /stats=302
[2026-05-24T15:00:01Z] OK: backup freshness 13h
[2026-05-24T15:00:01Z] OK: disk free 29GB
[2026-05-24T15:10:02Z] OK: all containers running
[2026-05-24T15:10:02Z] OK: http /stats=302
[2026-05-24T15:10:02Z] OK: backup freshness 13h
[2026-05-24T15:10:02Z] OK: disk free 29GB
[2026-05-24T15:20:02Z] OK: all containers running
[2026-05-24T15:20:02Z] OK: http /stats=302
[2026-05-24T15:20:02Z] OK: backup freshness 13h
[2026-05-24T15:20:02Z] OK: disk free 29GB
[2026-05-24T15:30:02Z] OK: all containers running
[2026-05-24T15:30:02Z] OK: http /stats=302
[2026-05-24T15:30:02Z] OK: backup freshness 13h
[2026-05-24T15:30:02Z] OK: disk free 29GB
[2026-05-24T15:40:02Z] OK: all containers running
[2026-05-24T15:40:02Z] OK: http /stats=302
[2026-05-24T15:40:02Z] OK: backup freshness 14h
[2026-05-24T15:40:02Z] OK: disk free 29GB
[2026-05-24T15:50:01Z] FAIL: container ksysha-deployer is not running
[2026-05-24T16:00:01Z] OK: all containers running
[2026-05-24T16:00:01Z] OK: http /stats=302
[2026-05-24T16:00:01Z] OK: backup freshness 14h
[2026-05-24T16:00:01Z] OK: disk free 29GB
[2026-05-24T16:10:01Z] FAIL: container ksysha-deployer is not running
[2026-05-24T16:20:01Z] FAIL: container ksysha-deployer is not running
[2026-05-24T16:30:01Z] FAIL: container ksysha-deployer is not running
[2026-05-24T16:40:01Z] OK: all containers running
[2026-05-24T16:40:01Z] OK: http /stats=302
[2026-05-24T16:40:01Z] OK: backup freshness 14h
[2026-05-24T16:40:01Z] OK: disk free 29GB
[2026-05-24T16:50:01Z] OK: all containers running
[2026-05-24T16:50:01Z] OK: http /stats=302
[2026-05-24T16:50:01Z] OK: backup freshness 15h
[2026-05-24T16:50:01Z] OK: disk free 29GB
[2026-05-24T17:00:01Z] OK: all containers running
[2026-05-24T17:00:01Z] OK: http /stats=302
[2026-05-24T17:00:01Z] OK: backup freshness 15h
[2026-05-24T17:00:01Z] OK: disk free 29GB
[2026-05-24T17:10:01Z] OK: all containers running
[2026-05-24T17:10:01Z] OK: http /stats=302
[2026-05-24T17:10:01Z] OK: backup freshness 15h
[2026-05-24T17:10:01Z] OK: disk free 29GB
[2026-05-24T17:20:01Z] OK: all containers running
[2026-05-24T17:20:01Z] OK: http /stats=302
[2026-05-24T17:20:01Z] OK: backup freshness 15h
[2026-05-24T17:20:01Z] OK: disk free 29GB
[2026-05-24T17:30:01Z] OK: all containers running
[2026-05-24T17:30:01Z] OK: http /stats=302
[2026-05-24T17:30:01Z] OK: backup freshness 15h
[2026-05-24T17:30:01Z] OK: disk free 29GB
[2026-05-24T17:40:01Z] OK: all containers running
[2026-05-24T17:40:01Z] OK: http /stats=302
[2026-05-24T17:40:01Z] OK: backup freshness 15h
[2026-05-24T17:40:01Z] OK: disk free 29GB
[2026-05-24T17:50:01Z] OK: all containers running
[2026-05-24T17:50:01Z] OK: http /stats=302
[2026-05-24T17:50:01Z] OK: backup freshness 16h
[2026-05-24T17:50:01Z] OK: disk free 29GB
[2026-05-24T18:00:01Z] OK: all containers running
[2026-05-24T18:00:01Z] OK: http /stats=302
[2026-05-24T18:00:01Z] OK: backup freshness 16h
[2026-05-24T18:00:01Z] OK: disk free 29GB
[2026-05-24T18:10:01Z] OK: all containers running
[2026-05-24T18:10:01Z] OK: http /stats=302
[2026-05-24T18:10:01Z] OK: backup freshness 16h
[2026-05-24T18:10:01Z] OK: disk free 29GB
[2026-05-24T18:20:01Z] OK: all containers running
[2026-05-24T18:20:02Z] OK: http /stats=302
[2026-05-24T18:20:02Z] OK: backup freshness 16h
[2026-05-24T18:20:02Z] OK: disk free 29GB
[2026-05-24T18:30:02Z] OK: all containers running
[2026-05-24T18:30:02Z] OK: http /stats=302
[2026-05-24T18:30:02Z] OK: backup freshness 16h
[2026-05-24T18:30:02Z] OK: disk free 29GB
[2026-05-24T18:40:01Z] OK: all containers running
[2026-05-24T18:40:01Z] OK: http /stats=302
[2026-05-24T18:40:01Z] OK: backup freshness 16h
[2026-05-24T18:40:01Z] OK: disk free 29GB
[2026-05-24T18:50:01Z] OK: all containers running
[2026-05-24T18:50:01Z] OK: http /stats=302
[2026-05-24T18:50:01Z] OK: backup freshness 17h
[2026-05-24T18:50:01Z] OK: disk free 29GB
[2026-05-24T19:00:02Z] OK: all containers running
[2026-05-24T19:00:02Z] OK: http /stats=302
[2026-05-24T19:00:02Z] OK: backup freshness 17h
[2026-05-24T19:00:02Z] OK: disk free 29GB
[2026-05-24T19:10:01Z] OK: all containers running
[2026-05-24T19:10:01Z] OK: http /stats=302
[2026-05-24T19:10:02Z] OK: backup freshness 17h
[2026-05-24T19:10:02Z] OK: disk free 29GB
[2026-05-24T19:20:02Z] OK: all containers running
[2026-05-24T19:20:02Z] OK: http /stats=302
[2026-05-24T19:20:02Z] OK: backup freshness 17h
[2026-05-24T19:20:02Z] OK: disk free 29GB
[2026-05-24T19:30:01Z] OK: all containers running
[2026-05-24T19:30:02Z] OK: http /stats=302
[2026-05-24T19:30:02Z] OK: backup freshness 17h
[2026-05-24T19:30:02Z] OK: disk free 29GB
[2026-05-24T19:40:02Z] OK: all containers running
[2026-05-24T19:40:02Z] OK: http /stats=302
[2026-05-24T19:40:02Z] OK: backup freshness 18h
[2026-05-24T19:40:02Z] OK: disk free 29GB
[2026-05-24T19:50:02Z] OK: all containers running
[2026-05-24T19:50:02Z] OK: http /stats=302
[2026-05-24T19:50:02Z] OK: backup freshness 18h
[2026-05-24T19:50:02Z] OK: disk free 29GB
[2026-05-24T20:00:02Z] OK: all containers running
[2026-05-24T20:00:02Z] OK: http /stats=302
[2026-05-24T20:00:02Z] OK: backup freshness 18h
[2026-05-24T20:00:02Z] OK: disk free 29GB
[2026-05-24T20:10:02Z] OK: all containers running
[2026-05-24T20:10:02Z] OK: http /stats=302
[2026-05-24T20:10:02Z] OK: backup freshness 18h
[2026-05-24T20:10:02Z] OK: disk free 29GB
[2026-05-24T20:20:02Z] OK: all containers running
[2026-05-24T20:20:02Z] OK: http /stats=302
[2026-05-24T20:20:02Z] OK: backup freshness 18h
[2026-05-24T20:20:02Z] OK: disk free 29GB
[2026-05-24T20:30:02Z] OK: all containers running
[2026-05-24T20:30:02Z] OK: http /stats=302
[2026-05-24T20:30:02Z] OK: backup freshness 18h
[2026-05-24T20:30:02Z] OK: disk free 29GB
[2026-05-24T20:40:02Z] OK: all containers running
[2026-05-24T20:40:02Z] OK: http /stats=302
[2026-05-24T20:40:02Z] OK: backup freshness 19h
[2026-05-24T20:40:02Z] OK: disk free 29GB
[2026-05-24T20:50:02Z] OK: all containers running
[2026-05-24T20:50:02Z] OK: http /stats=302
[2026-05-24T20:50:02Z] OK: backup freshness 19h
[2026-05-24T20:50:02Z] OK: disk free 29GB
[2026-05-24T21:00:02Z] OK: all containers running
[2026-05-24T21:00:02Z] OK: http /stats=302
[2026-05-24T21:00:02Z] OK: backup freshness 19h
[2026-05-24T21:00:02Z] OK: disk free 29GB
[2026-05-24T21:10:02Z] OK: all containers running
[2026-05-24T21:10:02Z] OK: http /stats=302
[2026-05-24T21:10:02Z] OK: backup freshness 19h
[2026-05-24T21:10:02Z] OK: disk free 29GB
[2026-05-24T21:20:02Z] OK: all containers running
[2026-05-24T21:20:02Z] OK: http /stats=302
[2026-05-24T21:20:02Z] OK: backup freshness 19h
[2026-05-24T21:20:02Z] OK: disk free 29GB
[2026-05-24T21:30:02Z] OK: all containers running
[2026-05-24T21:30:02Z] OK: http /stats=302
[2026-05-24T21:30:02Z] OK: backup freshness 19h
[2026-05-24T21:30:02Z] OK: disk free 29GB
[2026-05-24T21:40:02Z] OK: all containers running
[2026-05-24T21:40:02Z] OK: http /stats=302
[2026-05-24T21:40:02Z] OK: backup freshness 20h
[2026-05-24T21:40:02Z] OK: disk free 29GB
[2026-05-24T21:50:02Z] OK: all containers running
[2026-05-24T21:50:02Z] OK: http /stats=302
[2026-05-24T21:50:02Z] OK: backup freshness 20h
[2026-05-24T21:50:02Z] OK: disk free 29GB
[2026-05-24T22:00:02Z] OK: all containers running
[2026-05-24T22:00:02Z] OK: http /stats=302
[2026-05-24T22:00:02Z] OK: backup freshness 20h
[2026-05-24T22:00:02Z] OK: disk free 29GB
[2026-05-24T22:10:02Z] OK: all containers running
[2026-05-24T22:10:02Z] OK: http /stats=302
[2026-05-24T22:10:02Z] OK: backup freshness 20h
[2026-05-24T22:10:02Z] OK: disk free 29GB
[2026-05-24T22:20:02Z] OK: all containers running
[2026-05-24T22:20:02Z] OK: http /stats=302
[2026-05-24T22:20:02Z] OK: backup freshness 20h
[2026-05-24T22:20:02Z] OK: disk free 29GB
[2026-05-24T22:30:02Z] OK: all containers running
[2026-05-24T22:30:02Z] OK: http /stats=302
[2026-05-24T22:30:02Z] OK: backup freshness 20h
[2026-05-24T22:30:02Z] OK: disk free 29GB
[2026-05-24T22:40:01Z] OK: all containers running
[2026-05-24T22:40:02Z] OK: http /stats=302
[2026-05-24T22:40:02Z] OK: backup freshness 21h
[2026-05-24T22:40:02Z] OK: disk free 29GB
[2026-05-24T22:50:01Z] OK: all containers running
[2026-05-24T22:50:01Z] OK: http /stats=302
[2026-05-24T22:50:02Z] OK: backup freshness 21h
[2026-05-24T22:50:02Z] OK: disk free 29GB
[2026-05-24T23:00:01Z] OK: all containers running
[2026-05-24T23:00:02Z] OK: http /stats=302
[2026-05-24T23:00:02Z] OK: backup freshness 21h
[2026-05-24T23:00:02Z] OK: disk free 29GB
[2026-05-24T23:10:01Z] OK: all containers running
[2026-05-24T23:10:01Z] OK: http /stats=302
[2026-05-24T23:10:01Z] OK: backup freshness 21h
[2026-05-24T23:10:01Z] OK: disk free 29GB
[2026-05-24T23:20:01Z] OK: all containers running
[2026-05-24T23:20:01Z] OK: http /stats=302
[2026-05-24T23:20:01Z] OK: backup freshness 21h
[2026-05-24T23:20:01Z] OK: disk free 29GB
[2026-05-24T23:30:01Z] OK: all containers running
[2026-05-24T23:30:01Z] OK: http /stats=302
[2026-05-24T23:30:01Z] OK: backup freshness 21h
[2026-05-24T23:30:01Z] OK: disk free 29GB
[2026-05-24T23:40:01Z] OK: all containers running
[2026-05-24T23:40:01Z] OK: http /stats=302
[2026-05-24T23:40:01Z] OK: backup freshness 21h
[2026-05-24T23:40:01Z] OK: disk free 29GB
[2026-05-24T23:50:01Z] OK: all containers running
[2026-05-24T23:50:01Z] OK: http /stats=302
[2026-05-24T23:50:01Z] OK: backup freshness 22h
[2026-05-24T23:50:01Z] OK: disk free 29GB
[2026-05-25T00:00:01Z] OK: all containers running
[2026-05-25T00:00:01Z] OK: http /stats=302
[2026-05-25T00:00:01Z] OK: backup freshness 22h
[2026-05-25T00:00:01Z] OK: disk free 29GB
[2026-05-25T00:10:01Z] OK: all containers running
[2026-05-25T00:10:01Z] OK: http /stats=302
[2026-05-25T00:10:01Z] OK: backup freshness 22h
[2026-05-25T00:10:01Z] OK: disk free 29GB
[2026-05-25T00:20:01Z] OK: all containers running
[2026-05-25T00:20:01Z] OK: http /stats=302
[2026-05-25T00:20:01Z] OK: backup freshness 22h
[2026-05-25T00:20:01Z] OK: disk free 29GB
[2026-05-25T00:30:02Z] OK: all containers running
[2026-05-25T00:30:02Z] OK: http /stats=302
[2026-05-25T00:30:02Z] OK: backup freshness 22h
[2026-05-25T00:30:02Z] OK: disk free 29GB
[2026-05-25T00:40:02Z] OK: all containers running
[2026-05-25T00:40:02Z] OK: http /stats=302
[2026-05-25T00:40:02Z] OK: backup freshness 23h
[2026-05-25T00:40:02Z] OK: disk free 29GB
[2026-05-25T00:50:01Z] OK: all containers running
[2026-05-25T00:50:01Z] OK: http /stats=302
[2026-05-25T00:50:01Z] OK: backup freshness 23h
[2026-05-25T00:50:02Z] OK: disk free 29GB
[2026-05-25T01:00:01Z] OK: all containers running
[2026-05-25T01:00:01Z] OK: http /stats=302
[2026-05-25T01:00:01Z] OK: backup freshness 23h
[2026-05-25T01:00:02Z] OK: disk free 29GB
[2026-05-25T01:10:01Z] OK: all containers running
[2026-05-25T01:10:01Z] OK: http /stats=302
[2026-05-25T01:10:01Z] OK: backup freshness 23h
[2026-05-25T01:10:01Z] OK: disk free 29GB
[2026-05-25T01:20:01Z] OK: all containers running
[2026-05-25T01:20:01Z] OK: http /stats=302
[2026-05-25T01:20:01Z] OK: backup freshness 23h
[2026-05-25T01:20:01Z] OK: disk free 29GB
[2026-05-25T01:30:01Z] OK: all containers running
[2026-05-25T01:30:01Z] OK: http /stats=302
[2026-05-25T01:30:01Z] OK: backup freshness 23h
[2026-05-25T01:30:01Z] OK: disk free 29GB
[2026-05-25T01:40:01Z] OK: all containers running
[2026-05-25T01:40:01Z] OK: http /stats=302
[2026-05-25T01:40:01Z] OK: backup freshness 0h
[2026-05-25T01:40:01Z] OK: disk free 29GB
[2026-05-25T01:50:01Z] OK: all containers running
[2026-05-25T01:50:01Z] OK: http /stats=302
[2026-05-25T01:50:01Z] OK: backup freshness 0h
[2026-05-25T01:50:01Z] OK: disk free 29GB
[2026-05-25T02:00:01Z] OK: all containers running
[2026-05-25T02:00:01Z] OK: http /stats=302
[2026-05-25T02:00:01Z] OK: backup freshness 0h
[2026-05-25T02:00:01Z] OK: disk free 29GB
[2026-05-25T02:10:01Z] OK: all containers running
[2026-05-25T02:10:01Z] OK: http /stats=302
[2026-05-25T02:10:01Z] OK: backup freshness 0h
[2026-05-25T02:10:01Z] OK: disk free 29GB
[2026-05-25T02:20:01Z] OK: all containers running
[2026-05-25T02:20:01Z] OK: http /stats=302
[2026-05-25T02:20:01Z] OK: backup freshness 0h
[2026-05-25T02:20:01Z] OK: disk free 29GB
[2026-05-25T02:30:02Z] OK: all containers running
[2026-05-25T02:30:02Z] OK: http /stats=302
[2026-05-25T02:30:02Z] OK: backup freshness 0h
[2026-05-25T02:30:02Z] OK: disk free 29GB
[2026-05-25T02:40:02Z] OK: all containers running
[2026-05-25T02:40:02Z] OK: http /stats=302
[2026-05-25T02:40:02Z] OK: backup freshness 1h
[2026-05-25T02:40:02Z] OK: disk free 29GB
[2026-05-25T02:50:02Z] OK: all containers running
[2026-05-25T02:50:02Z] OK: http /stats=302
[2026-05-25T02:50:02Z] OK: backup freshness 1h
[2026-05-25T02:50:02Z] OK: disk free 29GB
[2026-05-25T03:00:02Z] OK: all containers running
[2026-05-25T03:00:02Z] OK: http /stats=302
[2026-05-25T03:00:02Z] OK: backup freshness 1h
[2026-05-25T03:00:02Z] OK: disk free 29GB
[2026-05-25T03:10:02Z] OK: all containers running
[2026-05-25T03:10:02Z] OK: http /stats=302
[2026-05-25T03:10:02Z] OK: backup freshness 1h
[2026-05-25T03:10:02Z] OK: disk free 29GB
[2026-05-25T03:20:02Z] OK: all containers running
[2026-05-25T03:20:02Z] OK: http /stats=302
[2026-05-25T03:20:02Z] OK: backup freshness 1h
[2026-05-25T03:20:02Z] OK: disk free 29GB
[2026-05-25T03:30:02Z] OK: all containers running
[2026-05-25T03:30:02Z] OK: http /stats=302
[2026-05-25T03:30:02Z] OK: backup freshness 1h
[2026-05-25T03:30:02Z] OK: disk free 29GB
[2026-05-25T03:40:01Z] OK: all containers running
[2026-05-25T03:40:02Z] OK: http /stats=302
[2026-05-25T03:40:02Z] OK: backup freshness 2h
[2026-05-25T03:40:02Z] OK: disk free 29GB
[2026-05-25T03:50:01Z] OK: all containers running
[2026-05-25T03:50:01Z] OK: http /stats=302
[2026-05-25T03:50:01Z] OK: backup freshness 2h
[2026-05-25T03:50:01Z] OK: disk free 29GB
[2026-05-25T04:00:01Z] OK: all containers running
[2026-05-25T04:00:01Z] OK: http /stats=302
[2026-05-25T04:00:01Z] OK: backup freshness 2h
[2026-05-25T04:00:01Z] OK: disk free 29GB
[2026-05-25T04:10:01Z] OK: all containers running
[2026-05-25T04:10:01Z] OK: http /stats=302
[2026-05-25T04:10:01Z] OK: backup freshness 2h
[2026-05-25T04:10:01Z] OK: disk free 29GB
[2026-05-25T04:20:01Z] OK: all containers running
[2026-05-25T04:20:01Z] OK: http /stats=302
[2026-05-25T04:20:01Z] OK: backup freshness 2h
[2026-05-25T04:20:01Z] OK: disk free 29GB
[2026-05-25T04:30:01Z] OK: all containers running
[2026-05-25T04:30:02Z] OK: http /stats=302
[2026-05-25T04:30:02Z] OK: backup freshness 2h
[2026-05-25T04:30:02Z] OK: disk free 29GB
[2026-05-25T04:40:01Z] OK: all containers running
[2026-05-25T04:40:01Z] OK: http /stats=302
[2026-05-25T04:40:01Z] OK: backup freshness 3h
[2026-05-25T04:40:01Z] OK: disk free 29GB
[2026-05-25T04:50:01Z] OK: all containers running
[2026-05-25T04:50:01Z] OK: http /stats=302
[2026-05-25T04:50:01Z] OK: backup freshness 3h
[2026-05-25T04:50:01Z] OK: disk free 29GB
[2026-05-25T05:00:01Z] OK: all containers running
[2026-05-25T05:00:01Z] OK: http /stats=302
[2026-05-25T05:00:01Z] OK: backup freshness 3h
[2026-05-25T05:00:02Z] OK: disk free 29GB
[2026-05-25T05:10:01Z] OK: all containers running
[2026-05-25T05:10:01Z] OK: http /stats=302
[2026-05-25T05:10:01Z] OK: backup freshness 3h
[2026-05-25T05:10:01Z] OK: disk free 29GB
[2026-05-25T05:20:01Z] OK: all containers running
[2026-05-25T05:20:01Z] OK: http /stats=302
[2026-05-25T05:20:01Z] OK: backup freshness 3h
[2026-05-25T05:20:01Z] OK: disk free 29GB
[2026-05-25T05:30:01Z] OK: all containers running
[2026-05-25T05:30:01Z] OK: http /stats=302
[2026-05-25T05:30:01Z] OK: backup freshness 3h
[2026-05-25T05:30:01Z] OK: disk free 29GB
[2026-05-25T05:40:01Z] OK: all containers running
[2026-05-25T05:40:01Z] OK: http /stats=302
[2026-05-25T05:40:01Z] OK: backup freshness 4h
[2026-05-25T05:40:01Z] OK: disk free 29GB
[2026-05-25T05:50:01Z] OK: all containers running
[2026-05-25T05:50:01Z] OK: http /stats=302
[2026-05-25T05:50:01Z] OK: backup freshness 4h
[2026-05-25T05:50:01Z] OK: disk free 29GB
[2026-05-25T06:00:01Z] OK: all containers running
[2026-05-25T06:00:01Z] OK: http /stats=302
[2026-05-25T06:00:01Z] OK: backup freshness 4h
[2026-05-25T06:00:01Z] OK: disk free 29GB
[2026-05-25T06:10:01Z] OK: all containers running
[2026-05-25T06:10:01Z] OK: http /stats=302
[2026-05-25T06:10:01Z] OK: backup freshness 4h
[2026-05-25T06:10:01Z] OK: disk free 29GB
[2026-05-25T06:20:01Z] OK: all containers running
[2026-05-25T06:20:01Z] OK: http /stats=302
[2026-05-25T06:20:01Z] OK: backup freshness 4h
[2026-05-25T06:20:01Z] OK: disk free 29GB
[2026-05-25T06:30:01Z] OK: all containers running
[2026-05-25T06:30:01Z] OK: http /stats=302
[2026-05-25T06:30:01Z] OK: backup freshness 4h
[2026-05-25T06:30:01Z] OK: disk free 29GB
[2026-05-25T06:40:01Z] OK: all containers running
[2026-05-25T06:40:01Z] OK: http /stats=302
[2026-05-25T06:40:01Z] OK: backup freshness 5h
[2026-05-25T06:40:01Z] OK: disk free 29GB
[2026-05-25T06:50:01Z] OK: all containers running
[2026-05-25T06:50:01Z] OK: http /stats=302
[2026-05-25T06:50:01Z] OK: backup freshness 5h
[2026-05-25T06:50:01Z] OK: disk free 29GB
[2026-05-25T07:00:01Z] OK: all containers running
[2026-05-25T07:00:01Z] OK: http /stats=302
[2026-05-25T07:00:01Z] OK: backup freshness 5h
[2026-05-25T07:00:01Z] OK: disk free 29GB
[2026-05-25T07:10:01Z] OK: all containers running
[2026-05-25T07:10:01Z] OK: http /stats=302
[2026-05-25T07:10:01Z] OK: backup freshness 5h
[2026-05-25T07:10:01Z] OK: disk free 29GB
[2026-05-25T07:20:01Z] OK: all containers running
[2026-05-25T07:20:01Z] OK: http /stats=302
[2026-05-25T07:20:01Z] OK: backup freshness 5h
[2026-05-25T07:20:01Z] OK: disk free 29GB
[2026-05-25T07:30:01Z] OK: all containers running
[2026-05-25T07:30:01Z] OK: http /stats=302
[2026-05-25T07:30:01Z] OK: backup freshness 5h
[2026-05-25T07:30:01Z] OK: disk free 29GB
[2026-05-25T07:40:01Z] OK: all containers running
[2026-05-25T07:40:01Z] OK: http /stats=302
[2026-05-25T07:40:01Z] OK: backup freshness 6h
[2026-05-25T07:40:01Z] OK: disk free 29GB
[2026-05-25T07:50:01Z] OK: all containers running
[2026-05-25T07:50:01Z] OK: http /stats=302
[2026-05-25T07:50:01Z] OK: backup freshness 6h
[2026-05-25T07:50:01Z] OK: disk free 29GB
[2026-05-25T08:00:01Z] OK: all containers running
[2026-05-25T08:00:01Z] OK: http /stats=302
[2026-05-25T08:00:01Z] OK: backup freshness 6h
[2026-05-25T08:00:01Z] OK: disk free 29GB
[2026-05-25T08:10:01Z] OK: all containers running
[2026-05-25T08:10:01Z] OK: http /stats=302
[2026-05-25T08:10:01Z] OK: backup freshness 6h
[2026-05-25T08:10:01Z] OK: disk free 29GB
[2026-05-25T08:20:01Z] OK: all containers running
[2026-05-25T08:20:01Z] OK: http /stats=302
[2026-05-25T08:20:01Z] OK: backup freshness 6h
[2026-05-25T08:20:01Z] OK: disk free 29GB
[2026-05-25T08:30:01Z] OK: all containers running
[2026-05-25T08:30:01Z] OK: http /stats=302
[2026-05-25T08:30:01Z] OK: backup freshness 6h
[2026-05-25T08:30:01Z] OK: disk free 29GB
[2026-05-25T08:40:01Z] OK: all containers running
[2026-05-25T08:40:01Z] OK: http /stats=302
[2026-05-25T08:40:01Z] OK: backup freshness 7h
[2026-05-25T08:40:01Z] OK: disk free 29GB
[2026-05-25T08:50:01Z] OK: all containers running
[2026-05-25T08:50:01Z] OK: http /stats=302
[2026-05-25T08:50:01Z] OK: backup freshness 7h
[2026-05-25T08:50:01Z] OK: disk free 29GB
[2026-05-25T09:00:01Z] OK: all containers running
[2026-05-25T09:00:01Z] OK: http /stats=302
[2026-05-25T09:00:01Z] OK: backup freshness 7h
[2026-05-25T09:00:01Z] OK: disk free 29GB
[2026-05-25T09:10:01Z] OK: all containers running
[2026-05-25T09:10:01Z] OK: http /stats=302
[2026-05-25T09:10:01Z] OK: backup freshness 7h
[2026-05-25T09:10:01Z] OK: disk free 29GB
[2026-05-25T09:20:01Z] OK: all containers running
[2026-05-25T09:20:01Z] OK: http /stats=302
[2026-05-25T09:20:01Z] OK: backup freshness 7h
[2026-05-25T09:20:01Z] OK: disk free 29GB
[2026-05-25T09:30:01Z] OK: all containers running
[2026-05-25T09:30:01Z] OK: http /stats=302
[2026-05-25T09:30:01Z] OK: backup freshness 7h
[2026-05-25T09:30:01Z] OK: disk free 29GB
[2026-05-25T09:40:01Z] OK: all containers running
[2026-05-25T09:40:01Z] OK: http /stats=302
[2026-05-25T09:40:01Z] OK: backup freshness 8h
[2026-05-25T09:40:02Z] OK: disk free 29GB
[2026-05-25T09:50:02Z] OK: all containers running
[2026-05-25T09:50:02Z] OK: http /stats=302
[2026-05-25T09:50:02Z] OK: backup freshness 8h
[2026-05-25T09:50:02Z] OK: disk free 29GB
[2026-05-25T10:00:02Z] OK: all containers running
[2026-05-25T10:00:02Z] OK: http /stats=302
[2026-05-25T10:00:02Z] OK: backup freshness 8h
[2026-05-25T10:00:02Z] OK: disk free 29GB
[2026-05-25T10:10:01Z] OK: all containers running
[2026-05-25T10:10:01Z] OK: http /stats=302
[2026-05-25T10:10:01Z] OK: backup freshness 8h
[2026-05-25T10:10:01Z] OK: disk free 29GB
[2026-05-25T10:20:01Z] OK: all containers running
[2026-05-25T10:20:01Z] OK: http /stats=302
[2026-05-25T10:20:01Z] OK: backup freshness 8h
[2026-05-25T10:20:01Z] OK: disk free 29GB
[2026-05-25T10:30:01Z] OK: all containers running
[2026-05-25T10:30:01Z] OK: http /stats=302
[2026-05-25T10:30:01Z] OK: backup freshness 8h
[2026-05-25T10:30:01Z] OK: disk free 29GB
[2026-05-25T10:40:02Z] OK: all containers running
[2026-05-25T10:40:02Z] OK: http /stats=302
[2026-05-25T10:40:02Z] OK: backup freshness 9h
[2026-05-25T10:40:02Z] OK: disk free 29GB
[2026-05-25T10:50:02Z] OK: all containers running
[2026-05-25T10:50:02Z] OK: http /stats=302
[2026-05-25T10:50:02Z] OK: backup freshness 9h
[2026-05-25T10:50:02Z] OK: disk free 29GB
[2026-05-25T11:00:01Z] OK: all containers running
[2026-05-25T11:00:01Z] OK: http /stats=302
[2026-05-25T11:00:01Z] OK: backup freshness 9h
[2026-05-25T11:00:01Z] OK: disk free 29GB
[2026-05-25T11:10:01Z] OK: all containers running
[2026-05-25T11:10:01Z] OK: http /stats=302
[2026-05-25T11:10:01Z] OK: backup freshness 9h
[2026-05-25T11:10:01Z] OK: disk free 29GB
[2026-05-25T11:20:01Z] OK: all containers running
[2026-05-25T11:20:01Z] OK: http /stats=302
[2026-05-25T11:20:01Z] OK: backup freshness 9h
[2026-05-25T11:20:01Z] OK: disk free 29GB
[2026-05-25T11:30:02Z] OK: all containers running
[2026-05-25T11:30:02Z] OK: http /stats=302
[2026-05-25T11:30:02Z] OK: backup freshness 9h
[2026-05-25T11:30:02Z] OK: disk free 28GB
[2026-05-25T11:40:02Z] OK: all containers running
[2026-05-25T11:40:02Z] OK: http /stats=302
[2026-05-25T11:40:02Z] OK: backup freshness 10h
[2026-05-25T11:40:02Z] OK: disk free 28GB
[2026-05-25T11:50:01Z] OK: all containers running
[2026-05-25T11:50:01Z] OK: http /stats=302
[2026-05-25T11:50:01Z] OK: backup freshness 10h
[2026-05-25T11:50:01Z] OK: disk free 28GB
[2026-05-25T12:00:01Z] OK: all containers running
[2026-05-25T12:00:01Z] OK: http /stats=302
[2026-05-25T12:00:01Z] OK: backup freshness 10h
[2026-05-25T12:00:01Z] OK: disk free 28GB
[2026-05-25T12:10:01Z] OK: all containers running
[2026-05-25T12:10:01Z] OK: http /stats=302
[2026-05-25T12:10:01Z] OK: backup freshness 10h
[2026-05-25T12:10:01Z] OK: disk free 28GB
[2026-05-25T12:20:02Z] OK: all containers running
[2026-05-25T12:20:02Z] FAIL: http /stats returned 000
[2026-05-25T12:30:01Z] OK: all containers running
[2026-05-25T12:30:01Z] OK: http /stats=302
[2026-05-25T12:30:01Z] OK: backup freshness 10h
[2026-05-25T12:30:01Z] OK: disk free 28GB
[2026-05-25T12:40:01Z] OK: all containers running
[2026-05-25T12:40:01Z] OK: http /stats=302
[2026-05-25T12:40:01Z] OK: backup freshness 11h
[2026-05-25T12:40:01Z] OK: disk free 28GB
[2026-05-25T12:50:01Z] OK: all containers running
[2026-05-25T12:50:01Z] OK: http /stats=302
[2026-05-25T12:50:01Z] OK: backup freshness 11h
[2026-05-25T12:50:01Z] OK: disk free 28GB
[2026-05-25T13:00:02Z] OK: all containers running
[2026-05-25T13:00:02Z] OK: http /stats=302
[2026-05-25T13:00:02Z] OK: backup freshness 11h
[2026-05-25T13:00:02Z] OK: disk free 28GB
[2026-05-25T13:10:02Z] OK: all containers running
[2026-05-25T13:10:02Z] OK: http /stats=302
[2026-05-25T13:10:02Z] OK: backup freshness 11h
[2026-05-25T13:10:02Z] OK: disk free 28GB
[2026-05-25T13:20:01Z] OK: all containers running
[2026-05-25T13:20:01Z] OK: http /stats=302
[2026-05-25T13:20:01Z] OK: backup freshness 11h
[2026-05-25T13:20:01Z] OK: disk free 28GB
[2026-05-25T13:30:01Z] OK: all containers running
[2026-05-25T13:30:01Z] OK: http /stats=302
[2026-05-25T13:30:01Z] OK: backup freshness 11h
[2026-05-25T13:30:01Z] OK: disk free 28GB
[2026-05-25T13:40:01Z] OK: all containers running
[2026-05-25T13:40:01Z] OK: http /stats=302
[2026-05-25T13:40:01Z] OK: backup freshness 12h
[2026-05-25T13:40:01Z] OK: disk free 28GB
[2026-05-25T13:50:01Z] OK: all containers running
[2026-05-25T13:50:01Z] OK: http /stats=302
[2026-05-25T13:50:01Z] OK: backup freshness 12h
[2026-05-25T13:50:01Z] OK: disk free 28GB
[2026-05-25T14:00:01Z] OK: all containers running
[2026-05-25T14:00:01Z] OK: http /stats=302
[2026-05-25T14:00:01Z] OK: backup freshness 12h
[2026-05-25T14:00:01Z] OK: disk free 28GB
[2026-05-25T14:10:01Z] OK: all containers running
[2026-05-25T14:10:01Z] OK: http /stats=302
[2026-05-25T14:10:01Z] OK: backup freshness 12h
[2026-05-25T14:10:01Z] OK: disk free 28GB
[2026-05-25T14:20:01Z] OK: all containers running
[2026-05-25T14:20:01Z] OK: http /stats=302
[2026-05-25T14:20:01Z] OK: backup freshness 12h
[2026-05-25T14:20:01Z] OK: disk free 28GB
[2026-05-25T14:30:01Z] OK: all containers running
[2026-05-25T14:30:01Z] OK: http /stats=302
[2026-05-25T14:30:01Z] OK: backup freshness 12h
[2026-05-25T14:30:01Z] OK: disk free 28GB
[2026-05-25T14:40:01Z] OK: all containers running
[2026-05-25T14:40:01Z] OK: http /stats=302
[2026-05-25T14:40:01Z] OK: backup freshness 13h
[2026-05-25T14:40:01Z] OK: disk free 28GB
[2026-05-25T14:50:01Z] OK: all containers running
[2026-05-25T14:50:01Z] OK: http /stats=302
[2026-05-25T14:50:01Z] OK: backup freshness 13h
[2026-05-25T14:50:01Z] OK: disk free 28GB
[2026-05-25T15:00:01Z] OK: all containers running
[2026-05-25T15:00:01Z] OK: http /stats=302
[2026-05-25T15:00:01Z] OK: backup freshness 13h
[2026-05-25T15:00:01Z] OK: disk free 28GB
[2026-05-25T15:10:01Z] OK: all containers running
[2026-05-25T15:10:01Z] OK: http /stats=302
[2026-05-25T15:10:01Z] OK: backup freshness 13h
[2026-05-25T15:10:01Z] OK: disk free 28GB
[2026-05-25T15:20:01Z] OK: all containers running
[2026-05-25T15:20:01Z] OK: http /stats=302
[2026-05-25T15:20:01Z] OK: backup freshness 13h
[2026-05-25T15:20:01Z] OK: disk free 28GB
[2026-05-25T15:30:01Z] OK: all containers running
[2026-05-25T15:30:01Z] OK: http /stats=302
[2026-05-25T15:30:01Z] OK: backup freshness 13h
[2026-05-25T15:30:01Z] OK: disk free 28GB
[2026-05-25T15:40:01Z] OK: all containers running
[2026-05-25T15:40:01Z] OK: http /stats=302
[2026-05-25T15:40:01Z] OK: backup freshness 14h
[2026-05-25T15:40:01Z] OK: disk free 28GB
[2026-05-25T15:50:01Z] OK: all containers running
[2026-05-25T15:50:01Z] OK: http /stats=302
[2026-05-25T15:50:01Z] OK: backup freshness 14h
[2026-05-25T15:50:01Z] OK: disk free 28GB
[2026-05-25T16:00:01Z] OK: all containers running
[2026-05-25T16:00:01Z] OK: http /stats=302
[2026-05-25T16:00:01Z] OK: backup freshness 14h
[2026-05-25T16:00:01Z] OK: disk free 28GB
[2026-05-25T16:10:01Z] OK: all containers running
[2026-05-25T16:10:01Z] OK: http /stats=302
[2026-05-25T16:10:01Z] OK: backup freshness 14h
[2026-05-25T16:10:01Z] OK: disk free 28GB
[2026-05-25T16:20:01Z] OK: all containers running
[2026-05-25T16:20:01Z] OK: http /stats=302
[2026-05-25T16:20:01Z] OK: backup freshness 14h
[2026-05-25T16:20:01Z] OK: disk free 28GB
[2026-05-25T16:30:01Z] OK: all containers running
[2026-05-25T16:30:01Z] OK: http /stats=302
[2026-05-25T16:30:01Z] OK: backup freshness 14h
[2026-05-25T16:30:01Z] OK: disk free 28GB
[2026-05-25T16:40:02Z] OK: all containers running
[2026-05-25T16:40:02Z] OK: http /stats=302
[2026-05-25T16:40:02Z] OK: backup freshness 15h
[2026-05-25T16:40:02Z] OK: disk free 28GB
[2026-05-25T16:50:02Z] OK: all containers running
[2026-05-25T16:50:02Z] OK: http /stats=302
[2026-05-25T16:50:02Z] OK: backup freshness 15h
[2026-05-25T16:50:02Z] OK: disk free 28GB
[2026-05-25T17:00:02Z] OK: all containers running
[2026-05-25T17:00:02Z] OK: http /stats=302
[2026-05-25T17:00:02Z] OK: backup freshness 15h
[2026-05-25T17:00:02Z] OK: disk free 28GB
[2026-05-25T17:10:01Z] OK: all containers running
[2026-05-25T17:10:01Z] OK: http /stats=302
[2026-05-25T17:10:01Z] OK: backup freshness 15h
[2026-05-25T17:10:01Z] OK: disk free 28GB
[2026-05-25T17:20:01Z] OK: all containers running
[2026-05-25T17:20:01Z] OK: http /stats=302
[2026-05-25T17:20:01Z] OK: backup freshness 15h
[2026-05-25T17:20:01Z] OK: disk free 28GB
[2026-05-25T17:30:02Z] OK: all containers running
[2026-05-25T17:30:02Z] OK: http /stats=302
[2026-05-25T17:30:02Z] OK: backup freshness 15h
[2026-05-25T17:30:02Z] OK: disk free 28GB
[2026-05-25T17:40:02Z] OK: all containers running
[2026-05-25T17:40:02Z] OK: http /stats=302
[2026-05-25T17:40:02Z] OK: backup freshness 16h
[2026-05-25T17:40:02Z] OK: disk free 28GB
[2026-05-25T17:50:01Z] OK: all containers running
[2026-05-25T17:50:01Z] OK: http /stats=302
[2026-05-25T17:50:01Z] OK: backup freshness 16h
[2026-05-25T17:50:01Z] OK: disk free 28GB
[2026-05-25T18:00:02Z] OK: all containers running
[2026-05-25T18:00:02Z] OK: http /stats=302
[2026-05-25T18:00:02Z] OK: backup freshness 16h
[2026-05-25T18:00:02Z] OK: disk free 28GB
[2026-05-25T18:10:02Z] OK: all containers running
[2026-05-25T18:10:02Z] OK: http /stats=302
[2026-05-25T18:10:02Z] OK: backup freshness 16h
[2026-05-25T18:10:02Z] OK: disk free 28GB
[2026-05-25T18:20:01Z] OK: all containers running
[2026-05-25T18:20:01Z] OK: http /stats=302
[2026-05-25T18:20:01Z] OK: backup freshness 16h
[2026-05-25T18:20:01Z] OK: disk free 28GB
[2026-05-25T18:30:01Z] OK: all containers running
[2026-05-25T18:30:01Z] OK: http /stats=302
[2026-05-25T18:30:01Z] OK: backup freshness 16h
[2026-05-25T18:30:01Z] OK: disk free 28GB
[2026-05-25T18:40:01Z] OK: all containers running
[2026-05-25T18:40:01Z] OK: http /stats=302
[2026-05-25T18:40:01Z] OK: backup freshness 17h
[2026-05-25T18:40:01Z] OK: disk free 28GB
[2026-05-25T18:50:01Z] OK: all containers running
[2026-05-25T18:50:01Z] OK: http /stats=302
[2026-05-25T18:50:01Z] OK: backup freshness 17h
[2026-05-25T18:50:01Z] OK: disk free 28GB
[2026-05-25T19:00:01Z] OK: all containers running
[2026-05-25T19:00:01Z] OK: http /stats=302
[2026-05-25T19:00:01Z] OK: backup freshness 17h
[2026-05-25T19:00:01Z] OK: disk free 28GB
[2026-05-25T19:10:01Z] OK: all containers running
[2026-05-25T19:10:01Z] OK: http /stats=302
[2026-05-25T19:10:01Z] OK: backup freshness 17h
[2026-05-25T19:10:01Z] OK: disk free 28GB
[2026-05-25T19:20:02Z] OK: all containers running
[2026-05-25T19:20:02Z] OK: http /stats=302
[2026-05-25T19:20:02Z] OK: backup freshness 17h
[2026-05-25T19:20:02Z] OK: disk free 28GB
[2026-05-25T19:30:02Z] OK: all containers running
[2026-05-25T19:30:02Z] OK: http /stats=302
[2026-05-25T19:30:02Z] OK: backup freshness 17h
[2026-05-25T19:30:02Z] OK: disk free 28GB
[2026-05-25T19:40:01Z] OK: all containers running
[2026-05-25T19:40:01Z] OK: http /stats=302
[2026-05-25T19:40:02Z] OK: backup freshness 18h
[2026-05-25T19:40:02Z] OK: disk free 28GB
[2026-05-25T19:50:02Z] OK: all containers running
[2026-05-25T19:50:02Z] OK: http /stats=302
[2026-05-25T19:50:02Z] OK: backup freshness 18h
[2026-05-25T19:50:02Z] OK: disk free 28GB
[2026-05-25T20:00:01Z] OK: all containers running
[2026-05-25T20:00:01Z] OK: http /stats=302
[2026-05-25T20:00:01Z] OK: backup freshness 18h
[2026-05-25T20:00:01Z] OK: disk free 28GB
[2026-05-25T20:10:01Z] OK: all containers running
[2026-05-25T20:10:01Z] OK: http /stats=302
[2026-05-25T20:10:01Z] OK: backup freshness 18h
[2026-05-25T20:10:01Z] OK: disk free 28GB
[2026-05-25T20:20:01Z] OK: all containers running
[2026-05-25T20:20:01Z] OK: http /stats=302
[2026-05-25T20:20:02Z] OK: backup freshness 18h
[2026-05-25T20:20:02Z] OK: disk free 28GB
[2026-05-25T20:30:02Z] OK: all containers running
[2026-05-25T20:30:02Z] OK: http /stats=302
[2026-05-25T20:30:02Z] OK: backup freshness 18h
[2026-05-25T20:30:02Z] OK: disk free 28GB
[2026-05-25T20:40:01Z] OK: all containers running
[2026-05-25T20:40:01Z] OK: http /stats=302
[2026-05-25T20:40:01Z] OK: backup freshness 19h
[2026-05-25T20:40:01Z] OK: disk free 28GB
[2026-05-25T20:50:01Z] OK: all containers running
[2026-05-25T20:50:01Z] OK: http /stats=302
[2026-05-25T20:50:01Z] OK: backup freshness 19h
[2026-05-25T20:50:01Z] OK: disk free 28GB
[2026-05-25T21:00:02Z] OK: all containers running
[2026-05-25T21:00:02Z] OK: http /stats=302
[2026-05-25T21:00:02Z] OK: backup freshness 19h
[2026-05-25T21:00:02Z] OK: disk free 28GB
[2026-05-25T21:10:01Z] OK: all containers running
[2026-05-25T21:10:01Z] OK: http /stats=302
[2026-05-25T21:10:01Z] OK: backup freshness 19h
[2026-05-25T21:10:01Z] OK: disk free 28GB
[2026-05-25T21:20:02Z] OK: all containers running
[2026-05-25T21:20:02Z] OK: http /stats=302
[2026-05-25T21:20:02Z] OK: backup freshness 19h
[2026-05-25T21:20:02Z] OK: disk free 28GB
[2026-05-25T21:30:01Z] OK: all containers running
[2026-05-25T21:30:01Z] OK: http /stats=302
[2026-05-25T21:30:01Z] OK: backup freshness 19h
[2026-05-25T21:30:01Z] OK: disk free 28GB
[2026-05-25T21:40:01Z] OK: all containers running
[2026-05-25T21:40:01Z] OK: http /stats=302
[2026-05-25T21:40:01Z] OK: backup freshness 20h
[2026-05-25T21:40:01Z] OK: disk free 28GB
[2026-05-25T21:50:01Z] OK: all containers running
[2026-05-25T21:50:02Z] OK: http /stats=302
[2026-05-25T21:50:02Z] OK: backup freshness 20h
[2026-05-25T21:50:02Z] OK: disk free 28GB
[2026-05-25T22:00:03Z] OK: all containers running
[2026-05-25T22:00:03Z] OK: http /stats=302
[2026-05-25T22:00:03Z] OK: backup freshness 20h
[2026-05-25T22:00:03Z] OK: disk free 28GB
[2026-05-25T22:10:02Z] OK: all containers running
[2026-05-25T22:10:02Z] OK: http /stats=302
[2026-05-25T22:10:02Z] OK: backup freshness 20h
[2026-05-25T22:10:02Z] OK: disk free 28GB
[2026-05-25T22:20:01Z] OK: all containers running
[2026-05-25T22:20:01Z] OK: http /stats=302
[2026-05-25T22:20:01Z] OK: backup freshness 20h
[2026-05-25T22:20:01Z] OK: disk free 28GB
[2026-05-25T22:30:01Z] OK: all containers running
[2026-05-25T22:30:01Z] OK: http /stats=302
[2026-05-25T22:30:01Z] OK: backup freshness 20h
[2026-05-25T22:30:01Z] OK: disk free 28GB
[2026-05-25T22:40:02Z] OK: all containers running
[2026-05-25T22:40:02Z] OK: http /stats=302
[2026-05-25T22:40:02Z] OK: backup freshness 21h
[2026-05-25T22:40:02Z] OK: disk free 28GB
[2026-05-25T22:50:01Z] OK: all containers running
[2026-05-25T22:50:01Z] OK: http /stats=302
[2026-05-25T22:50:01Z] OK: backup freshness 21h
[2026-05-25T22:50:01Z] OK: disk free 28GB
[2026-05-25T23:00:02Z] OK: all containers running
[2026-05-25T23:00:02Z] OK: http /stats=302
[2026-05-25T23:00:02Z] OK: backup freshness 21h
[2026-05-25T23:00:02Z] OK: disk free 28GB
[2026-05-25T23:10:02Z] OK: all containers running
[2026-05-25T23:10:02Z] OK: http /stats=302
[2026-05-25T23:10:02Z] OK: backup freshness 21h
[2026-05-25T23:10:02Z] OK: disk free 28GB
[2026-05-25T23:20:01Z] OK: all containers running
[2026-05-25T23:20:01Z] OK: http /stats=302
[2026-05-25T23:20:01Z] OK: backup freshness 21h
[2026-05-25T23:20:01Z] OK: disk free 27GB
[2026-05-25T23:30:01Z] OK: all containers running
[2026-05-25T23:30:01Z] OK: http /stats=302
[2026-05-25T23:30:01Z] OK: backup freshness 21h
[2026-05-25T23:30:01Z] OK: disk free 27GB
[2026-05-25T23:40:02Z] OK: all containers running
[2026-05-25T23:40:02Z] OK: http /stats=302
[2026-05-25T23:40:02Z] OK: backup freshness 22h
[2026-05-25T23:40:02Z] OK: disk free 27GB
[2026-05-25T23:50:01Z] OK: all containers running
[2026-05-25T23:50:01Z] OK: http /stats=302
[2026-05-25T23:50:01Z] OK: backup freshness 22h
[2026-05-25T23:50:01Z] OK: disk free 27GB
[2026-05-26T00:00:01Z] OK: all containers running
[2026-05-26T00:00:01Z] OK: http /stats=302
[2026-05-26T00:00:01Z] OK: backup freshness 22h
[2026-05-26T00:00:01Z] OK: disk free 27GB
[2026-05-26T00:10:01Z] OK: all containers running
[2026-05-26T00:10:01Z] OK: http /stats=302
[2026-05-26T00:10:01Z] OK: backup freshness 22h
[2026-05-26T00:10:01Z] OK: disk free 27GB
[2026-05-26T00:20:01Z] OK: all containers running
[2026-05-26T00:20:01Z] OK: http /stats=302
[2026-05-26T00:20:01Z] OK: backup freshness 22h
[2026-05-26T00:20:01Z] OK: disk free 27GB
[2026-05-26T00:30:01Z] OK: all containers running
[2026-05-26T00:30:01Z] OK: http /stats=302
[2026-05-26T00:30:01Z] OK: backup freshness 22h
[2026-05-26T00:30:01Z] OK: disk free 27GB
[2026-05-26T00:40:01Z] OK: all containers running
[2026-05-26T00:40:01Z] OK: http /stats=302
[2026-05-26T00:40:01Z] OK: backup freshness 23h
[2026-05-26T00:40:01Z] OK: disk free 27GB
[2026-05-26T00:50:01Z] OK: all containers running
[2026-05-26T00:50:01Z] OK: http /stats=302
[2026-05-26T00:50:01Z] OK: backup freshness 23h
[2026-05-26T00:50:01Z] OK: disk free 27GB
[2026-05-26T01:00:01Z] OK: all containers running
[2026-05-26T01:00:01Z] OK: http /stats=302
[2026-05-26T01:00:01Z] OK: backup freshness 23h
[2026-05-26T01:00:01Z] OK: disk free 27GB
[2026-05-26T01:10:01Z] OK: all containers running
[2026-05-26T01:10:01Z] OK: http /stats=302
[2026-05-26T01:10:01Z] OK: backup freshness 23h
[2026-05-26T01:10:01Z] OK: disk free 27GB
[2026-05-26T01:20:01Z] OK: all containers running
[2026-05-26T01:20:01Z] OK: http /stats=302
[2026-05-26T01:20:01Z] OK: backup freshness 23h
[2026-05-26T01:20:01Z] OK: disk free 27GB
[2026-05-26T01:30:01Z] OK: all containers running
[2026-05-26T01:30:01Z] OK: http /stats=302
[2026-05-26T01:30:01Z] OK: backup freshness 23h
[2026-05-26T01:30:01Z] OK: disk free 27GB
[2026-05-26T01:40:01Z] OK: all containers running
[2026-05-26T01:40:01Z] OK: http /stats=302
[2026-05-26T01:40:02Z] OK: backup freshness 0h
[2026-05-26T01:40:02Z] OK: disk free 27GB
[2026-05-26T01:50:01Z] OK: all containers running
[2026-05-26T01:50:01Z] OK: http /stats=302
[2026-05-26T01:50:01Z] OK: backup freshness 0h
[2026-05-26T01:50:01Z] OK: disk free 27GB
[2026-05-26T02:00:01Z] OK: all containers running
[2026-05-26T02:00:01Z] OK: http /stats=302
[2026-05-26T02:00:01Z] OK: backup freshness 0h
[2026-05-26T02:00:01Z] OK: disk free 27GB
[2026-05-26T02:10:01Z] OK: all containers running
[2026-05-26T02:10:01Z] OK: http /stats=302
[2026-05-26T02:10:01Z] OK: backup freshness 0h
[2026-05-26T02:10:01Z] OK: disk free 27GB
[2026-05-26T02:20:01Z] OK: all containers running
[2026-05-26T02:20:01Z] OK: http /stats=302
[2026-05-26T02:20:01Z] OK: backup freshness 0h
[2026-05-26T02:20:01Z] OK: disk free 27GB
[2026-05-26T02:30:02Z] OK: all containers running
[2026-05-26T02:30:02Z] OK: http /stats=302
[2026-05-26T02:30:02Z] OK: backup freshness 0h
[2026-05-26T02:30:02Z] OK: disk free 27GB
[2026-05-26T02:40:02Z] OK: all containers running
[2026-05-26T02:40:02Z] OK: http /stats=302
[2026-05-26T02:40:02Z] OK: backup freshness 1h
[2026-05-26T02:40:02Z] OK: disk free 27GB
[2026-05-26T02:50:02Z] OK: all containers running
[2026-05-26T02:50:02Z] OK: http /stats=302
[2026-05-26T02:50:02Z] OK: backup freshness 1h
[2026-05-26T02:50:02Z] OK: disk free 27GB
[2026-05-26T03:00:02Z] OK: all containers running
[2026-05-26T03:00:02Z] OK: http /stats=302
[2026-05-26T03:00:02Z] OK: backup freshness 1h
[2026-05-26T03:00:02Z] OK: disk free 27GB
[2026-05-26T03:10:02Z] OK: all containers running
[2026-05-26T03:10:02Z] OK: http /stats=302
[2026-05-26T03:10:02Z] OK: backup freshness 1h
[2026-05-26T03:10:02Z] OK: disk free 27GB
[2026-05-26T03:20:02Z] OK: all containers running
[2026-05-26T03:20:02Z] OK: http /stats=302
[2026-05-26T03:20:02Z] OK: backup freshness 1h
[2026-05-26T03:20:02Z] OK: disk free 27GB
[2026-05-26T03:30:02Z] OK: all containers running
[2026-05-26T03:30:02Z] OK: http /stats=302
[2026-05-26T03:30:02Z] OK: backup freshness 1h
[2026-05-26T03:30:02Z] OK: disk free 27GB
[2026-05-26T03:40:02Z] OK: all containers running
[2026-05-26T03:40:02Z] OK: http /stats=302
[2026-05-26T03:40:02Z] OK: backup freshness 2h
[2026-05-26T03:40:02Z] OK: disk free 27GB
[2026-05-26T03:50:02Z] OK: all containers running
[2026-05-26T03:50:02Z] OK: http /stats=302
[2026-05-26T03:50:02Z] OK: backup freshness 2h
[2026-05-26T03:50:02Z] OK: disk free 27GB
[2026-05-26T04:00:02Z] OK: all containers running
[2026-05-26T04:00:02Z] OK: http /stats=302
[2026-05-26T04:00:02Z] OK: backup freshness 2h
[2026-05-26T04:00:02Z] OK: disk free 27GB
[2026-05-26T04:10:02Z] OK: all containers running
[2026-05-26T04:10:02Z] OK: http /stats=302
[2026-05-26T04:10:02Z] OK: backup freshness 2h
[2026-05-26T04:10:02Z] OK: disk free 27GB
[2026-05-26T04:20:02Z] OK: all containers running
[2026-05-26T04:20:02Z] OK: http /stats=302
[2026-05-26T04:20:02Z] OK: backup freshness 2h
[2026-05-26T04:20:02Z] OK: disk free 27GB
[2026-05-26T04:30:01Z] OK: all containers running
[2026-05-26T04:30:01Z] OK: http /stats=302
[2026-05-26T04:30:01Z] OK: backup freshness 2h
[2026-05-26T04:30:01Z] OK: disk free 27GB
[2026-05-26T04:40:01Z] OK: all containers running
[2026-05-26T04:40:01Z] OK: http /stats=302
[2026-05-26T04:40:01Z] OK: backup freshness 3h
[2026-05-26T04:40:01Z] OK: disk free 27GB
[2026-05-26T04:50:01Z] OK: all containers running
[2026-05-26T04:50:01Z] OK: http /stats=302
[2026-05-26T04:50:01Z] OK: backup freshness 3h
[2026-05-26T04:50:01Z] OK: disk free 27GB
[2026-05-26T05:00:02Z] OK: all containers running
[2026-05-26T05:00:02Z] OK: http /stats=302
[2026-05-26T05:00:02Z] OK: backup freshness 3h
[2026-05-26T05:00:02Z] OK: disk free 27GB
[2026-05-26T05:10:01Z] OK: all containers running
[2026-05-26T05:10:01Z] OK: http /stats=302
[2026-05-26T05:10:01Z] OK: backup freshness 3h
[2026-05-26T05:10:01Z] OK: disk free 27GB
[2026-05-26T05:20:01Z] OK: all containers running
[2026-05-26T05:20:01Z] OK: http /stats=302
[2026-05-26T05:20:01Z] OK: backup freshness 3h
[2026-05-26T05:20:01Z] OK: disk free 27GB
[2026-05-26T05:30:01Z] OK: all containers running
[2026-05-26T05:30:01Z] OK: http /stats=302
[2026-05-26T05:30:01Z] OK: backup freshness 3h
[2026-05-26T05:30:01Z] OK: disk free 27GB
[2026-05-26T05:40:01Z] OK: all containers running
[2026-05-26T05:40:01Z] OK: http /stats=302
[2026-05-26T05:40:01Z] OK: backup freshness 4h
[2026-05-26T05:40:01Z] OK: disk free 27GB
[2026-05-26T05:50:01Z] OK: all containers running
[2026-05-26T05:50:01Z] OK: http /stats=302
[2026-05-26T05:50:01Z] OK: backup freshness 4h
[2026-05-26T05:50:01Z] OK: disk free 27GB
[2026-05-26T06:00:01Z] OK: all containers running
[2026-05-26T06:00:01Z] OK: http /stats=302
[2026-05-26T06:00:01Z] OK: backup freshness 4h
[2026-05-26T06:00:01Z] OK: disk free 27GB
[2026-05-26T06:10:01Z] OK: all containers running
[2026-05-26T06:10:01Z] OK: http /stats=302
[2026-05-26T06:10:01Z] OK: backup freshness 4h
[2026-05-26T06:10:01Z] OK: disk free 27GB
[2026-05-26T06:20:01Z] OK: all containers running
[2026-05-26T06:20:01Z] OK: http /stats=302
[2026-05-26T06:20:01Z] OK: backup freshness 4h
[2026-05-26T06:20:01Z] OK: disk free 27GB
[2026-05-26T06:30:01Z] OK: all containers running
[2026-05-26T06:30:01Z] OK: http /stats=302
[2026-05-26T06:30:01Z] OK: backup freshness 4h
[2026-05-26T06:30:01Z] OK: disk free 27GB
[2026-05-26T06:40:01Z] OK: all containers running
[2026-05-26T06:40:01Z] OK: http /stats=302
[2026-05-26T06:40:01Z] OK: backup freshness 5h
[2026-05-26T06:40:01Z] OK: disk free 27GB
[2026-05-26T06:50:01Z] OK: all containers running
[2026-05-26T06:50:01Z] OK: http /stats=302
[2026-05-26T06:50:01Z] OK: backup freshness 5h
[2026-05-26T06:50:01Z] OK: disk free 27GB
[2026-05-26T07:00:01Z] OK: all containers running
[2026-05-26T07:00:01Z] OK: http /stats=302
[2026-05-26T07:00:01Z] OK: backup freshness 5h
[2026-05-26T07:00:01Z] OK: disk free 27GB
[2026-05-26T07:10:01Z] OK: all containers running
[2026-05-26T07:10:01Z] OK: http /stats=302
[2026-05-26T07:10:01Z] OK: backup freshness 5h
[2026-05-26T07:10:01Z] OK: disk free 27GB
[2026-05-26T07:20:01Z] OK: all containers running
[2026-05-26T07:20:01Z] OK: http /stats=302
[2026-05-26T07:20:01Z] OK: backup freshness 5h
[2026-05-26T07:20:01Z] OK: disk free 27GB
[2026-05-26T07:30:01Z] OK: all containers running
[2026-05-26T07:30:01Z] OK: http /stats=302
[2026-05-26T07:30:01Z] OK: backup freshness 5h
[2026-05-26T07:30:01Z] OK: disk free 27GB
[2026-05-26T07:40:01Z] OK: all containers running
[2026-05-26T07:40:01Z] OK: http /stats=302
[2026-05-26T07:40:01Z] OK: backup freshness 6h
[2026-05-26T07:40:01Z] OK: disk free 27GB
[2026-05-26T07:50:01Z] OK: all containers running
[2026-05-26T07:50:01Z] OK: http /stats=302
[2026-05-26T07:50:01Z] OK: backup freshness 6h
[2026-05-26T07:50:01Z] OK: disk free 27GB
[2026-05-26T08:00:01Z] OK: all containers running
[2026-05-26T08:00:01Z] OK: http /stats=302
[2026-05-26T08:00:01Z] OK: backup freshness 6h
[2026-05-26T08:00:01Z] OK: disk free 27GB
[2026-05-26T08:10:01Z] OK: all containers running
[2026-05-26T08:10:01Z] OK: http /stats=302
[2026-05-26T08:10:01Z] OK: backup freshness 6h
[2026-05-26T08:10:01Z] OK: disk free 27GB
[2026-05-26T08:20:01Z] OK: all containers running
[2026-05-26T08:20:01Z] OK: http /stats=302
[2026-05-26T08:20:01Z] OK: backup freshness 6h
[2026-05-26T08:20:01Z] OK: disk free 27GB
[2026-05-26T08:30:01Z] OK: all containers running
[2026-05-26T08:30:01Z] OK: http /stats=302
[2026-05-26T08:30:01Z] OK: backup freshness 6h
[2026-05-26T08:30:01Z] OK: disk free 27GB
[2026-05-26T08:40:01Z] OK: all containers running
[2026-05-26T08:40:01Z] OK: http /stats=302
[2026-05-26T08:40:01Z] OK: backup freshness 7h
[2026-05-26T08:40:01Z] OK: disk free 27GB
[2026-05-26T08:50:01Z] OK: all containers running
[2026-05-26T08:50:01Z] OK: http /stats=302
[2026-05-26T08:50:01Z] OK: backup freshness 7h
[2026-05-26T08:50:01Z] OK: disk free 27GB
[2026-05-26T09:00:01Z] OK: all containers running
[2026-05-26T09:00:01Z] OK: http /stats=302
[2026-05-26T09:00:01Z] OK: backup freshness 7h
[2026-05-26T09:00:01Z] OK: disk free 27GB
[2026-05-26T09:10:01Z] OK: all containers running
[2026-05-26T09:10:01Z] OK: http /stats=302
[2026-05-26T09:10:01Z] OK: backup freshness 7h
[2026-05-26T09:10:01Z] OK: disk free 27GB
[2026-05-26T09:20:01Z] OK: all containers running
[2026-05-26T09:20:01Z] OK: http /stats=302
[2026-05-26T09:20:01Z] OK: backup freshness 7h
[2026-05-26T09:20:01Z] OK: disk free 27GB
[2026-05-26T09:30:02Z] OK: all containers running
[2026-05-26T09:30:02Z] OK: http /stats=302
[2026-05-26T09:30:02Z] OK: backup freshness 7h
[2026-05-26T09:30:02Z] OK: disk free 27GB
[2026-05-26T09:40:02Z] OK: all containers running
[2026-05-26T09:40:02Z] OK: http /stats=302
[2026-05-26T09:40:02Z] OK: backup freshness 8h
[2026-05-26T09:40:02Z] OK: disk free 27GB
[2026-05-26T09:50:02Z] OK: all containers running
[2026-05-26T09:50:02Z] OK: http /stats=302
[2026-05-26T09:50:02Z] OK: backup freshness 8h
[2026-05-26T09:50:02Z] OK: disk free 27GB
[2026-05-26T10:00:02Z] OK: all containers running
[2026-05-26T10:00:02Z] OK: http /stats=302
[2026-05-26T10:00:02Z] OK: backup freshness 8h
[2026-05-26T10:00:02Z] OK: disk free 27GB
[2026-05-26T10:10:02Z] OK: all containers running
[2026-05-26T10:10:02Z] OK: http /stats=302
[2026-05-26T10:10:02Z] OK: backup freshness 8h
[2026-05-26T10:10:02Z] OK: disk free 27GB
[2026-05-26T10:20:01Z] OK: all containers running
[2026-05-26T10:20:01Z] OK: http /stats=302
[2026-05-26T10:20:01Z] OK: backup freshness 8h
[2026-05-26T10:20:01Z] OK: disk free 27GB
[2026-05-26T10:30:02Z] OK: all containers running
[2026-05-26T10:30:02Z] OK: http /stats=302
[2026-05-26T10:30:02Z] OK: backup freshness 8h
[2026-05-26T10:30:02Z] OK: disk free 27GB
[2026-05-26T10:40:02Z] OK: all containers running
[2026-05-26T10:40:02Z] OK: http /stats=302
[2026-05-26T10:40:02Z] OK: backup freshness 9h
[2026-05-26T10:40:02Z] OK: disk free 27GB
[2026-05-26T10:50:02Z] OK: all containers running
[2026-05-26T10:50:02Z] OK: http /stats=302
[2026-05-26T10:50:02Z] OK: backup freshness 9h
[2026-05-26T10:50:02Z] OK: disk free 27GB
[2026-05-26T11:00:03Z] OK: all containers running
[2026-05-26T11:00:03Z] FAIL: http /stats returned 000
[2026-05-26T11:10:01Z] OK: all containers running
[2026-05-26T11:10:01Z] OK: http /stats=302
[2026-05-26T11:10:01Z] OK: backup freshness 9h
[2026-05-26T11:10:01Z] OK: disk free 27GB
[2026-05-26T11:20:01Z] OK: all containers running
[2026-05-26T11:20:01Z] OK: http /stats=302
[2026-05-26T11:20:01Z] OK: backup freshness 9h
[2026-05-26T11:20:01Z] OK: disk free 27GB
[2026-05-26T11:30:02Z] OK: all containers running
[2026-05-26T11:30:02Z] OK: http /stats=302
[2026-05-26T11:30:02Z] OK: backup freshness 9h
[2026-05-26T11:30:02Z] OK: disk free 27GB
[2026-05-26T11:40:02Z] OK: all containers running
[2026-05-26T11:40:02Z] OK: http /stats=302
[2026-05-26T11:40:02Z] OK: backup freshness 10h
[2026-05-26T11:40:02Z] OK: disk free 27GB
[2026-05-26T11:50:02Z] OK: all containers running
[2026-05-26T11:50:02Z] OK: http /stats=302
[2026-05-26T11:50:02Z] OK: backup freshness 10h
[2026-05-26T11:50:02Z] OK: disk free 27GB
[2026-05-26T12:00:02Z] OK: all containers running
[2026-05-26T12:00:02Z] OK: http /stats=302
[2026-05-26T12:00:02Z] OK: backup freshness 10h
[2026-05-26T12:00:02Z] OK: disk free 27GB
[2026-05-26T12:10:01Z] OK: all containers running
[2026-05-26T12:10:01Z] OK: http /stats=302
[2026-05-26T12:10:01Z] OK: backup freshness 10h
[2026-05-26T12:10:01Z] OK: disk free 27GB
[2026-05-26T12:20:01Z] OK: all containers running
[2026-05-26T12:20:01Z] OK: http /stats=302
[2026-05-26T12:20:02Z] OK: backup freshness 10h
[2026-05-26T12:20:02Z] OK: disk free 27GB
[2026-05-26T12:30:02Z] OK: all containers running
[2026-05-26T12:30:02Z] OK: http /stats=302
[2026-05-26T12:30:02Z] OK: backup freshness 10h
[2026-05-26T12:30:02Z] OK: disk free 27GB
[2026-05-26T12:40:02Z] OK: all containers running
[2026-05-26T12:40:02Z] OK: http /stats=302
[2026-05-26T12:40:02Z] OK: backup freshness 11h
[2026-05-26T12:40:02Z] OK: disk free 27GB
[2026-05-26T12:50:01Z] FAIL: container ksysha-bot is not running
[2026-05-26T13:00:01Z] OK: all containers running
[2026-05-26T13:00:01Z] OK: http /stats=302
[2026-05-26T13:00:01Z] OK: backup freshness 11h
[2026-05-26T13:00:01Z] OK: disk free 27GB
[2026-05-26T13:10:01Z] OK: all containers running
[2026-05-26T13:10:01Z] OK: http /stats=302
[2026-05-26T13:10:01Z] OK: backup freshness 11h
[2026-05-26T13:10:01Z] OK: disk free 27GB
[2026-05-26T13:20:01Z] OK: all containers running
[2026-05-26T13:20:01Z] OK: http /stats=302
[2026-05-26T13:20:01Z] OK: backup freshness 11h
[2026-05-26T13:20:01Z] OK: disk free 27GB
[2026-05-26T13:30:02Z] OK: all containers running
[2026-05-26T13:30:02Z] OK: http /stats=302
[2026-05-26T13:30:02Z] OK: backup freshness 11h
[2026-05-26T13:30:02Z] OK: disk free 27GB
[2026-05-26T13:40:02Z] OK: all containers running
[2026-05-26T13:40:02Z] OK: http /stats=302
[2026-05-26T13:40:02Z] OK: backup freshness 12h
[2026-05-26T13:40:02Z] OK: disk free 27GB
[2026-05-26T13:50:01Z] OK: all containers running
[2026-05-26T13:50:01Z] OK: http /stats=302
[2026-05-26T13:50:01Z] OK: backup freshness 12h
[2026-05-26T13:50:01Z] OK: disk free 27GB
[2026-05-26T14:00:01Z] OK: all containers running
[2026-05-26T14:00:01Z] OK: http /stats=302
[2026-05-26T14:00:01Z] OK: backup freshness 12h
[2026-05-26T14:00:01Z] OK: disk free 27GB
[2026-05-26T14:10:01Z] OK: all containers running
[2026-05-26T14:10:01Z] OK: http /stats=302
[2026-05-26T14:10:01Z] OK: backup freshness 12h
[2026-05-26T14:10:01Z] OK: disk free 27GB
[2026-05-26T14:20:01Z] OK: all containers running
[2026-05-26T14:20:01Z] OK: http /stats=302
[2026-05-26T14:20:01Z] OK: backup freshness 12h
[2026-05-26T14:20:01Z] OK: disk free 27GB
[2026-05-26T14:30:02Z] OK: all containers running
[2026-05-26T14:30:02Z] OK: http /stats=302
[2026-05-26T14:30:02Z] OK: backup freshness 12h
[2026-05-26T14:30:02Z] OK: disk free 27GB
[2026-05-26T14:40:02Z] OK: all containers running
[2026-05-26T14:40:02Z] OK: http /stats=302
[2026-05-26T14:40:02Z] OK: backup freshness 13h
[2026-05-26T14:40:02Z] OK: disk free 26GB
[2026-05-26T14:50:01Z] OK: all containers running
[2026-05-26T14:50:01Z] OK: http /stats=302
[2026-05-26T14:50:01Z] OK: backup freshness 13h
[2026-05-26T14:50:01Z] OK: disk free 26GB
[2026-05-26T15:00:01Z] OK: all containers running
[2026-05-26T15:00:01Z] OK: http /stats=302
[2026-05-26T15:00:01Z] OK: backup freshness 13h
[2026-05-26T15:00:01Z] OK: disk free 26GB
[2026-05-26T15:10:01Z] OK: all containers running
[2026-05-26T15:10:01Z] OK: http /stats=302
[2026-05-26T15:10:01Z] OK: backup freshness 13h
[2026-05-26T15:10:01Z] OK: disk free 26GB
[2026-05-26T15:20:02Z] OK: all containers running
[2026-05-26T15:20:02Z] OK: http /stats=302
[2026-05-26T15:20:02Z] OK: backup freshness 13h
[2026-05-26T15:20:02Z] OK: disk free 26GB
[2026-05-26T15:30:02Z] OK: all containers running
[2026-05-26T15:30:02Z] OK: http /stats=302
[2026-05-26T15:30:02Z] OK: backup freshness 13h
[2026-05-26T15:30:02Z] OK: disk free 26GB
[2026-05-26T15:40:02Z] OK: all containers running
[2026-05-26T15:40:02Z] OK: http /stats=302
[2026-05-26T15:40:02Z] OK: backup freshness 14h
[2026-05-26T15:40:02Z] OK: disk free 26GB
[2026-05-26T15:50:01Z] OK: all containers running
[2026-05-26T15:50:01Z] OK: http /stats=302
[2026-05-26T15:50:01Z] OK: backup freshness 14h
[2026-05-26T15:50:01Z] OK: disk free 26GB
[2026-05-26T16:00:01Z] OK: all containers running
[2026-05-26T16:00:02Z] OK: http /stats=302
[2026-05-26T16:00:02Z] OK: backup freshness 14h
[2026-05-26T16:00:02Z] OK: disk free 26GB
[2026-05-26T16:10:02Z] OK: all containers running
[2026-05-26T16:10:02Z] OK: http /stats=302
[2026-05-26T16:10:02Z] OK: backup freshness 14h
[2026-05-26T16:10:02Z] OK: disk free 26GB
[2026-05-26T16:20:01Z] OK: all containers running
[2026-05-26T16:20:01Z] OK: http /stats=302
[2026-05-26T16:20:01Z] OK: backup freshness 14h
[2026-05-26T16:20:01Z] OK: disk free 26GB
[2026-05-26T16:30:01Z] OK: all containers running
[2026-05-26T16:30:01Z] OK: http /stats=302
[2026-05-26T16:30:01Z] OK: backup freshness 14h
[2026-05-26T16:30:01Z] OK: disk free 26GB
[2026-05-26T16:40:01Z] OK: all containers running
[2026-05-26T16:40:01Z] OK: http /stats=302
[2026-05-26T16:40:01Z] OK: backup freshness 15h
[2026-05-26T16:40:01Z] OK: disk free 26GB
[2026-05-26T16:50:01Z] OK: all containers running
[2026-05-26T16:50:01Z] OK: http /stats=302
[2026-05-26T16:50:02Z] OK: backup freshness 15h
[2026-05-26T16:50:02Z] OK: disk free 26GB
[2026-05-26T17:00:02Z] OK: all containers running
[2026-05-26T17:00:02Z] OK: http /stats=302
[2026-05-26T17:00:02Z] OK: backup freshness 15h
[2026-05-26T17:00:02Z] OK: disk free 26GB
[2026-05-26T17:10:01Z] OK: all containers running
[2026-05-26T17:10:01Z] OK: http /stats=302
[2026-05-26T17:10:01Z] OK: backup freshness 15h
[2026-05-26T17:10:01Z] OK: disk free 26GB
[2026-05-26T17:20:01Z] OK: all containers running
[2026-05-26T17:20:01Z] OK: http /stats=302
[2026-05-26T17:20:01Z] OK: backup freshness 15h
[2026-05-26T17:20:01Z] OK: disk free 26GB
[2026-05-26T17:30:02Z] OK: all containers running
[2026-05-26T17:30:02Z] OK: http /stats=302
[2026-05-26T17:30:02Z] OK: backup freshness 15h
[2026-05-26T17:30:02Z] OK: disk free 26GB
[2026-05-26T17:40:02Z] OK: all containers running
[2026-05-26T17:40:02Z] OK: http /stats=302
[2026-05-26T17:40:02Z] OK: backup freshness 16h
[2026-05-26T17:40:02Z] OK: disk free 26GB
[2026-05-26T17:50:01Z] OK: all containers running
[2026-05-26T17:50:01Z] OK: http /stats=302
[2026-05-26T17:50:01Z] OK: backup freshness 16h
[2026-05-26T17:50:01Z] OK: disk free 26GB
[2026-05-26T18:00:01Z] OK: all containers running
[2026-05-26T18:00:01Z] OK: http /stats=302
[2026-05-26T18:00:01Z] OK: backup freshness 16h
[2026-05-26T18:00:01Z] OK: disk free 26GB
[2026-05-26T18:10:01Z] OK: all containers running
[2026-05-26T18:10:01Z] OK: http /stats=302
[2026-05-26T18:10:01Z] OK: backup freshness 16h
[2026-05-26T18:10:01Z] OK: disk free 26GB
[2026-05-26T18:20:02Z] OK: all containers running
[2026-05-26T18:20:02Z] OK: http /stats=302
[2026-05-26T18:20:02Z] OK: backup freshness 16h
[2026-05-26T18:20:02Z] OK: disk free 26GB
[2026-05-26T18:30:01Z] OK: all containers running
[2026-05-26T18:30:01Z] OK: http /stats=302
[2026-05-26T18:30:01Z] OK: backup freshness 16h
[2026-05-26T18:30:01Z] OK: disk free 26GB
[2026-05-26T18:40:01Z] OK: all containers running
[2026-05-26T18:40:01Z] OK: http /stats=302
[2026-05-26T18:40:01Z] OK: backup freshness 17h
[2026-05-26T18:40:01Z] OK: disk free 26GB
[2026-05-26T18:50:02Z] OK: all containers running
[2026-05-26T18:50:02Z] OK: http /stats=302
[2026-05-26T18:50:02Z] OK: backup freshness 17h
[2026-05-26T18:50:02Z] OK: disk free 26GB
[2026-05-26T19:00:01Z] OK: all containers running
[2026-05-26T19:00:01Z] OK: http /stats=302
[2026-05-26T19:00:01Z] OK: backup freshness 17h
[2026-05-26T19:00:01Z] OK: disk free 26GB
[2026-05-26T19:10:01Z] OK: all containers running
[2026-05-26T19:10:01Z] OK: http /stats=302
[2026-05-26T19:10:01Z] OK: backup freshness 17h
[2026-05-26T19:10:01Z] OK: disk free 26GB
[2026-05-26T19:20:01Z] OK: all containers running
[2026-05-26T19:20:01Z] OK: http /stats=302
[2026-05-26T19:20:01Z] OK: backup freshness 17h
[2026-05-26T19:20:01Z] OK: disk free 26GB
[2026-05-26T19:30:01Z] OK: all containers running
[2026-05-26T19:30:01Z] OK: http /stats=302
[2026-05-26T19:30:01Z] OK: backup freshness 17h
[2026-05-26T19:30:01Z] OK: disk free 26GB
[2026-05-26T19:40:01Z] OK: all containers running
[2026-05-26T19:40:01Z] OK: http /stats=302
[2026-05-26T19:40:01Z] OK: backup freshness 18h
[2026-05-26T19:40:01Z] OK: disk free 26GB
[2026-05-26T19:50:01Z] OK: all containers running
[2026-05-26T19:50:01Z] OK: http /stats=302
[2026-05-26T19:50:01Z] OK: backup freshness 18h
[2026-05-26T19:50:01Z] OK: disk free 26GB
[2026-05-26T20:00:02Z] OK: all containers running
[2026-05-26T20:00:02Z] OK: http /stats=302
[2026-05-26T20:00:02Z] OK: backup freshness 18h
[2026-05-26T20:00:02Z] OK: disk free 26GB
[2026-05-26T20:10:02Z] OK: all containers running
[2026-05-26T20:10:02Z] OK: http /stats=302
[2026-05-26T20:10:02Z] OK: backup freshness 18h
[2026-05-26T20:10:02Z] OK: disk free 26GB
[2026-05-26T20:20:02Z] OK: all containers running
[2026-05-26T20:20:02Z] OK: http /stats=302
[2026-05-26T20:20:02Z] OK: backup freshness 18h
[2026-05-26T20:20:02Z] OK: disk free 25GB
[2026-05-26T20:30:01Z] OK: all containers running
[2026-05-26T20:30:01Z] OK: http /stats=302
[2026-05-26T20:30:01Z] OK: backup freshness 18h
[2026-05-26T20:30:01Z] OK: disk free 25GB
[2026-05-26T20:40:01Z] OK: all containers running
[2026-05-26T20:40:01Z] OK: http /stats=302
[2026-05-26T20:40:01Z] OK: backup freshness 19h
[2026-05-26T20:40:01Z] OK: disk free 25GB
[2026-05-26T20:50:02Z] OK: all containers running
[2026-05-26T20:50:02Z] OK: http /stats=302
[2026-05-26T20:50:02Z] OK: backup freshness 19h
[2026-05-26T20:50:02Z] OK: disk free 25GB
[2026-05-26T21:00:02Z] OK: all containers running
[2026-05-26T21:00:02Z] OK: http /stats=302
[2026-05-26T21:00:02Z] OK: backup freshness 19h
[2026-05-26T21:00:02Z] OK: disk free 25GB
[2026-05-26T21:10:01Z] OK: all containers running
[2026-05-26T21:10:01Z] OK: http /stats=302
[2026-05-26T21:10:01Z] OK: backup freshness 19h
[2026-05-26T21:10:01Z] OK: disk free 25GB
[2026-05-26T21:20:01Z] OK: all containers running
[2026-05-26T21:20:01Z] OK: http /stats=302
[2026-05-26T21:20:01Z] OK: backup freshness 19h
[2026-05-26T21:20:01Z] OK: disk free 25GB
[2026-05-26T21:30:01Z] OK: all containers running
[2026-05-26T21:30:01Z] OK: http /stats=302
[2026-05-26T21:30:01Z] OK: backup freshness 19h
[2026-05-26T21:30:01Z] OK: disk free 25GB
[2026-05-26T21:40:01Z] OK: all containers running
[2026-05-26T21:40:01Z] OK: http /stats=302
[2026-05-26T21:40:01Z] OK: backup freshness 20h
[2026-05-26T21:40:01Z] OK: disk free 25GB
[2026-05-26T21:50:02Z] OK: all containers running
[2026-05-26T21:50:02Z] OK: http /stats=302
[2026-05-26T21:50:02Z] OK: backup freshness 20h
[2026-05-26T21:50:02Z] OK: disk free 25GB
[2026-05-26T22:00:02Z] FAIL: container ksysha-bot is not running
[2026-05-26T22:10:01Z] OK: all containers running
[2026-05-26T22:10:02Z] OK: http /stats=302
[2026-05-26T22:10:02Z] OK: backup freshness 20h
[2026-05-26T22:10:02Z] OK: disk free 25GB
[2026-05-26T22:20:02Z] OK: all containers running
[2026-05-26T22:20:02Z] OK: http /stats=302
[2026-05-26T22:20:02Z] OK: backup freshness 20h
[2026-05-26T22:20:02Z] OK: disk free 25GB
[2026-05-26T22:30:02Z] OK: all containers running
[2026-05-26T22:30:02Z] OK: http /stats=302
[2026-05-26T22:30:02Z] OK: backup freshness 20h
[2026-05-26T22:30:02Z] OK: disk free 25GB
[2026-05-26T22:40:01Z] OK: all containers running
[2026-05-26T22:40:01Z] OK: http /stats=302
[2026-05-26T22:40:01Z] OK: backup freshness 21h
[2026-05-26T22:40:01Z] OK: disk free 25GB
[2026-05-26T22:50:01Z] OK: all containers running
[2026-05-26T22:50:01Z] OK: http /stats=302
[2026-05-26T22:50:01Z] OK: backup freshness 21h
[2026-05-26T22:50:01Z] OK: disk free 25GB
[2026-05-26T23:00:01Z] OK: all containers running
[2026-05-26T23:00:01Z] OK: http /stats=302
[2026-05-26T23:00:01Z] OK: backup freshness 21h
[2026-05-26T23:00:01Z] OK: disk free 25GB
[2026-05-26T23:10:01Z] OK: all containers running
[2026-05-26T23:10:01Z] OK: http /stats=302
[2026-05-26T23:10:01Z] OK: backup freshness 21h
[2026-05-26T23:10:01Z] OK: disk free 25GB
[2026-05-26T23:20:01Z] OK: all containers running
[2026-05-26T23:20:01Z] OK: http /stats=302
[2026-05-26T23:20:01Z] OK: backup freshness 21h
[2026-05-26T23:20:01Z] OK: disk free 25GB
[2026-05-26T23:30:01Z] OK: all containers running
[2026-05-26T23:30:01Z] OK: http /stats=302
[2026-05-26T23:30:01Z] OK: backup freshness 21h
[2026-05-26T23:30:01Z] OK: disk free 25GB
[2026-05-26T23:40:01Z] OK: all containers running
[2026-05-26T23:40:01Z] OK: http /stats=302
[2026-05-26T23:40:01Z] OK: backup freshness 22h
[2026-05-26T23:40:01Z] OK: disk free 25GB
[2026-05-26T23:50:01Z] OK: all containers running
[2026-05-26T23:50:01Z] OK: http /stats=302
[2026-05-26T23:50:02Z] OK: backup freshness 22h
[2026-05-26T23:50:02Z] OK: disk free 25GB
[2026-05-27T00:00:02Z] OK: all containers running
[2026-05-27T00:00:02Z] OK: http /stats=302
[2026-05-27T00:00:02Z] OK: backup freshness 22h
[2026-05-27T00:00:02Z] OK: disk free 25GB
[2026-05-27T00:10:01Z] OK: all containers running
[2026-05-27T00:10:01Z] OK: http /stats=302
[2026-05-27T00:10:01Z] OK: backup freshness 22h
[2026-05-27T00:10:01Z] OK: disk free 25GB
[2026-05-27T00:20:01Z] OK: all containers running
[2026-05-27T00:20:01Z] OK: http /stats=302
[2026-05-27T00:20:02Z] OK: backup freshness 22h
[2026-05-27T00:20:02Z] OK: disk free 25GB
[2026-05-27T00:30:02Z] OK: all containers running
[2026-05-27T00:30:02Z] OK: http /stats=302
[2026-05-27T00:30:02Z] OK: backup freshness 22h
[2026-05-27T00:30:02Z] OK: disk free 25GB
[2026-05-27T00:40:02Z] OK: all containers running
[2026-05-27T00:40:02Z] OK: http /stats=302
[2026-05-27T00:40:02Z] OK: backup freshness 23h
[2026-05-27T00:40:02Z] OK: disk free 25GB
[2026-05-27T00:50:01Z] OK: all containers running
[2026-05-27T00:50:01Z] OK: http /stats=302
[2026-05-27T00:50:02Z] OK: backup freshness 23h
[2026-05-27T00:50:02Z] OK: disk free 25GB
[2026-05-27T01:00:02Z] OK: all containers running
[2026-05-27T01:00:02Z] OK: http /stats=302
[2026-05-27T01:00:02Z] OK: backup freshness 23h
[2026-05-27T01:00:02Z] OK: disk free 25GB
[2026-05-27T01:10:01Z] OK: all containers running
[2026-05-27T01:10:01Z] OK: http /stats=302
[2026-05-27T01:10:01Z] OK: backup freshness 23h
[2026-05-27T01:10:01Z] OK: disk free 25GB
[2026-05-27T01:20:02Z] OK: all containers running
[2026-05-27T01:20:02Z] OK: http /stats=302
[2026-05-27T01:20:02Z] OK: backup freshness 23h
[2026-05-27T01:20:02Z] OK: disk free 25GB
[2026-05-27T01:30:02Z] OK: all containers running
[2026-05-27T01:30:02Z] OK: http /stats=302
[2026-05-27T01:30:02Z] OK: backup freshness 23h
[2026-05-27T01:30:02Z] OK: disk free 25GB
[2026-05-27T01:40:02Z] OK: all containers running
[2026-05-27T01:40:02Z] OK: http /stats=302
[2026-05-27T01:40:02Z] OK: backup freshness 0h
[2026-05-27T01:40:02Z] OK: disk free 25GB
[2026-05-27T01:50:01Z] OK: all containers running
[2026-05-27T01:50:01Z] OK: http /stats=302
[2026-05-27T01:50:01Z] OK: backup freshness 0h
[2026-05-27T01:50:01Z] OK: disk free 25GB
[2026-05-27T02:00:02Z] OK: all containers running
[2026-05-27T02:00:02Z] OK: http /stats=302
[2026-05-27T02:00:02Z] OK: backup freshness 0h
[2026-05-27T02:00:02Z] OK: disk free 25GB
[2026-05-27T02:10:01Z] OK: all containers running
[2026-05-27T02:10:01Z] OK: http /stats=302
[2026-05-27T02:10:01Z] OK: backup freshness 0h
[2026-05-27T02:10:01Z] OK: disk free 25GB
[2026-05-27T02:20:02Z] OK: all containers running
[2026-05-27T02:20:02Z] OK: http /stats=302
[2026-05-27T02:20:02Z] OK: backup freshness 0h
[2026-05-27T02:20:02Z] OK: disk free 25GB
[2026-05-27T02:30:02Z] OK: all containers running
[2026-05-27T02:30:02Z] OK: http /stats=302
[2026-05-27T02:30:02Z] OK: backup freshness 0h
[2026-05-27T02:30:02Z] OK: disk free 25GB
[2026-05-27T02:40:01Z] OK: all containers running
[2026-05-27T02:40:01Z] OK: http /stats=302
[2026-05-27T02:40:01Z] OK: backup freshness 0h
[2026-05-27T02:40:01Z] OK: disk free 25GB
[2026-05-27T02:50:01Z] OK: all containers running
[2026-05-27T02:50:01Z] OK: http /stats=302
[2026-05-27T02:50:01Z] OK: backup freshness 1h
[2026-05-27T02:50:01Z] OK: disk free 25GB
[2026-05-27T03:00:01Z] OK: all containers running
[2026-05-27T03:00:01Z] OK: http /stats=302
[2026-05-27T03:00:02Z] OK: backup freshness 1h
[2026-05-27T03:00:02Z] OK: disk free 25GB
[2026-05-27T03:10:02Z] OK: all containers running
[2026-05-27T03:10:02Z] OK: http /stats=302
[2026-05-27T03:10:02Z] OK: backup freshness 1h
[2026-05-27T03:10:02Z] OK: disk free 25GB
[2026-05-27T03:20:01Z] OK: all containers running
[2026-05-27T03:20:01Z] OK: http /stats=302
[2026-05-27T03:20:01Z] OK: backup freshness 1h
[2026-05-27T03:20:01Z] OK: disk free 25GB
[2026-05-27T03:30:01Z] OK: all containers running
[2026-05-27T03:30:01Z] OK: http /stats=302
[2026-05-27T03:30:01Z] OK: backup freshness 1h
[2026-05-27T03:30:01Z] OK: disk free 25GB
[2026-05-27T03:40:01Z] OK: all containers running
[2026-05-27T03:40:01Z] OK: http /stats=302
[2026-05-27T03:40:01Z] OK: backup freshness 1h
[2026-05-27T03:40:01Z] OK: disk free 25GB
[2026-05-27T03:50:02Z] OK: all containers running
[2026-05-27T03:50:02Z] OK: http /stats=302
[2026-05-27T03:50:02Z] OK: backup freshness 2h
[2026-05-27T03:50:02Z] OK: disk free 25GB
[2026-05-27T04:00:02Z] OK: all containers running
[2026-05-27T04:00:02Z] OK: http /stats=302
[2026-05-27T04:00:02Z] OK: backup freshness 2h
[2026-05-27T04:00:02Z] OK: disk free 25GB
[2026-05-27T04:10:01Z] OK: all containers running
[2026-05-27T04:10:01Z] OK: http /stats=302
[2026-05-27T04:10:01Z] OK: backup freshness 2h
[2026-05-27T04:10:01Z] OK: disk free 25GB
[2026-05-27T04:20:01Z] OK: all containers running
[2026-05-27T04:20:01Z] OK: http /stats=302
[2026-05-27T04:20:01Z] OK: backup freshness 2h
[2026-05-27T04:20:01Z] OK: disk free 25GB
[2026-05-27T04:30:02Z] OK: all containers running
[2026-05-27T04:30:02Z] OK: http /stats=302
[2026-05-27T04:30:02Z] OK: backup freshness 2h
[2026-05-27T04:30:02Z] OK: disk free 25GB
[2026-05-27T04:40:01Z] OK: all containers running
[2026-05-27T04:40:01Z] OK: http /stats=302
[2026-05-27T04:40:01Z] OK: backup freshness 2h
[2026-05-27T04:40:01Z] OK: disk free 25GB
[2026-05-27T04:50:01Z] OK: all containers running
[2026-05-27T04:50:01Z] OK: http /stats=302
[2026-05-27T04:50:01Z] OK: backup freshness 3h
[2026-05-27T04:50:01Z] OK: disk free 25GB
[2026-05-27T05:00:01Z] OK: all containers running
[2026-05-27T05:00:01Z] OK: http /stats=302
[2026-05-27T05:00:01Z] OK: backup freshness 3h
[2026-05-27T05:00:01Z] OK: disk free 25GB
[2026-05-27T05:10:01Z] OK: all containers running
[2026-05-27T05:10:01Z] OK: http /stats=302
[2026-05-27T05:10:01Z] OK: backup freshness 3h
[2026-05-27T05:10:01Z] OK: disk free 25GB
[2026-05-27T05:20:01Z] OK: all containers running
[2026-05-27T05:20:01Z] OK: http /stats=302
[2026-05-27T05:20:01Z] OK: backup freshness 3h
[2026-05-27T05:20:01Z] OK: disk free 25GB
[2026-05-27T05:30:02Z] OK: all containers running
[2026-05-27T05:30:02Z] OK: http /stats=302
[2026-05-27T05:30:02Z] OK: backup freshness 3h
[2026-05-27T05:30:02Z] OK: disk free 25GB
[2026-05-27T05:40:01Z] OK: all containers running
[2026-05-27T05:40:01Z] OK: http /stats=302
[2026-05-27T05:40:02Z] OK: backup freshness 4h
[2026-05-27T05:40:02Z] OK: disk free 25GB
[2026-05-27T05:50:02Z] OK: all containers running
[2026-05-27T05:50:02Z] OK: http /stats=302
[2026-05-27T05:50:02Z] OK: backup freshness 4h
[2026-05-27T05:50:02Z] OK: disk free 25GB
[2026-05-27T06:00:02Z] OK: all containers running
[2026-05-27T06:00:02Z] OK: http /stats=302
[2026-05-27T06:00:02Z] OK: backup freshness 4h
[2026-05-27T06:00:02Z] OK: disk free 25GB
[2026-05-27T06:10:02Z] OK: all containers running
[2026-05-27T06:10:02Z] OK: http /stats=302
[2026-05-27T06:10:02Z] OK: backup freshness 4h
[2026-05-27T06:10:02Z] OK: disk free 25GB
[2026-05-27T06:20:01Z] OK: all containers running
[2026-05-27T06:20:01Z] OK: http /stats=302
[2026-05-27T06:20:01Z] OK: backup freshness 4h
[2026-05-27T06:20:01Z] OK: disk free 25GB
[2026-05-27T06:30:02Z] OK: all containers running
[2026-05-27T06:30:02Z] OK: http /stats=302
[2026-05-27T06:30:02Z] OK: backup freshness 4h
[2026-05-27T06:30:02Z] OK: disk free 25GB
[2026-05-27T06:40:01Z] OK: all containers running
[2026-05-27T06:40:01Z] OK: http /stats=302
[2026-05-27T06:40:01Z] OK: backup freshness 4h
[2026-05-27T06:40:01Z] OK: disk free 25GB
[2026-05-27T06:50:01Z] OK: all containers running
[2026-05-27T06:50:01Z] OK: http /stats=302
[2026-05-27T06:50:01Z] OK: backup freshness 5h
[2026-05-27T06:50:01Z] OK: disk free 25GB
[2026-05-27T07:00:02Z] OK: all containers running
[2026-05-27T07:00:02Z] OK: http /stats=302
[2026-05-27T07:00:02Z] OK: backup freshness 5h
[2026-05-27T07:00:02Z] OK: disk free 25GB
[2026-05-27T07:10:01Z] OK: all containers running
[2026-05-27T07:10:01Z] OK: http /stats=302
[2026-05-27T07:10:01Z] OK: backup freshness 5h
[2026-05-27T07:10:01Z] OK: disk free 25GB
[2026-05-27T07:20:02Z] OK: all containers running
[2026-05-27T07:20:02Z] OK: http /stats=302
[2026-05-27T07:20:02Z] OK: backup freshness 5h
[2026-05-27T07:20:02Z] OK: disk free 25GB
[2026-05-27T07:30:02Z] OK: all containers running
[2026-05-27T07:30:02Z] OK: http /stats=302
[2026-05-27T07:30:02Z] OK: backup freshness 5h
[2026-05-27T07:30:02Z] OK: disk free 25GB
[2026-05-27T07:40:01Z] OK: all containers running
[2026-05-27T07:40:01Z] OK: http /stats=302
[2026-05-27T07:40:01Z] OK: backup freshness 5h
[2026-05-27T07:40:01Z] OK: disk free 25GB
[2026-05-27T07:50:01Z] OK: all containers running
[2026-05-27T07:50:01Z] OK: http /stats=302
[2026-05-27T07:50:01Z] OK: backup freshness 6h
[2026-05-27T07:50:01Z] OK: disk free 25GB
[2026-05-27T08:00:02Z] OK: all containers running
[2026-05-27T08:00:02Z] OK: http /stats=302
[2026-05-27T08:00:02Z] OK: backup freshness 6h
[2026-05-27T08:00:02Z] OK: disk free 25GB
[2026-05-27T08:10:01Z] OK: all containers running
[2026-05-27T08:10:01Z] OK: http /stats=302
[2026-05-27T08:10:01Z] OK: backup freshness 6h
[2026-05-27T08:10:01Z] OK: disk free 25GB
[2026-05-27T08:20:02Z] OK: all containers running
[2026-05-27T08:20:02Z] OK: http /stats=302
[2026-05-27T08:20:02Z] OK: backup freshness 6h
[2026-05-27T08:20:02Z] OK: disk free 25GB
[2026-05-27T08:30:02Z] OK: all containers running
[2026-05-27T08:30:02Z] OK: http /stats=302
[2026-05-27T08:30:02Z] OK: backup freshness 6h
[2026-05-27T08:30:02Z] OK: disk free 25GB
[2026-05-27T08:40:01Z] OK: all containers running
[2026-05-27T08:40:01Z] OK: http /stats=302
[2026-05-27T08:40:01Z] OK: backup freshness 6h
[2026-05-27T08:40:01Z] OK: disk free 25GB
[2026-05-27T08:50:01Z] OK: all containers running
[2026-05-27T08:50:01Z] OK: http /stats=302
[2026-05-27T08:50:01Z] OK: backup freshness 7h
[2026-05-27T08:50:01Z] OK: disk free 25GB
[2026-05-27T09:00:02Z] OK: all containers running
[2026-05-27T09:00:02Z] OK: http /stats=302
[2026-05-27T09:00:02Z] OK: backup freshness 7h
[2026-05-27T09:00:02Z] OK: disk free 25GB
[2026-05-27T09:10:02Z] OK: all containers running
[2026-05-27T09:10:02Z] OK: http /stats=302
[2026-05-27T09:10:02Z] OK: backup freshness 7h
[2026-05-27T09:10:02Z] OK: disk free 25GB
[2026-05-27T09:20:02Z] OK: all containers running
[2026-05-27T09:20:02Z] OK: http /stats=302
[2026-05-27T09:20:02Z] OK: backup freshness 7h
[2026-05-27T09:20:02Z] OK: disk free 25GB
[2026-05-27T09:30:01Z] OK: all containers running
[2026-05-27T09:30:01Z] OK: http /stats=302
[2026-05-27T09:30:01Z] OK: backup freshness 7h
[2026-05-27T09:30:01Z] OK: disk free 25GB
[2026-05-27T09:40:01Z] OK: all containers running
[2026-05-27T09:40:02Z] OK: http /stats=302
[2026-05-27T09:40:02Z] OK: backup freshness 8h
[2026-05-27T09:40:02Z] OK: disk free 25GB
[2026-05-27T09:50:02Z] OK: all containers running
[2026-05-27T09:50:02Z] OK: http /stats=302
[2026-05-27T09:50:02Z] OK: backup freshness 8h
[2026-05-27T09:50:02Z] OK: disk free 25GB
[2026-05-27T10:00:02Z] OK: all containers running
[2026-05-27T10:00:02Z] OK: http /stats=302
[2026-05-27T10:00:02Z] OK: backup freshness 8h
[2026-05-27T10:00:02Z] OK: disk free 25GB
[2026-05-27T10:10:02Z] OK: all containers running
[2026-05-27T10:10:02Z] OK: http /stats=302
[2026-05-27T10:10:02Z] OK: backup freshness 8h
[2026-05-27T10:10:02Z] OK: disk free 25GB
[2026-05-27T10:20:02Z] OK: all containers running
[2026-05-27T10:20:02Z] OK: http /stats=302
[2026-05-27T10:20:02Z] OK: backup freshness 8h
[2026-05-27T10:20:02Z] OK: disk free 25GB
[2026-05-27T10:30:02Z] OK: all containers running
[2026-05-27T10:30:02Z] OK: http /stats=302
[2026-05-27T10:30:02Z] OK: backup freshness 8h
[2026-05-27T10:30:02Z] OK: disk free 25GB
[2026-05-27T10:40:01Z] OK: all containers running
[2026-05-27T10:40:01Z] OK: http /stats=302
[2026-05-27T10:40:01Z] OK: backup freshness 8h
[2026-05-27T10:40:01Z] OK: disk free 25GB
[2026-05-27T15:10:03Z] OK: all containers running
[2026-05-27T15:10:03Z] OK: http /stats=302
[2026-05-27T15:10:03Z] OK: backup freshness 13h
[2026-05-27T15:10:03Z] OK: disk free 25GB
[2026-05-27T15:20:01Z] OK: all containers running
[2026-05-27T15:20:01Z] OK: http /stats=302
[2026-05-27T15:20:01Z] OK: backup freshness 13h
[2026-05-27T15:20:01Z] OK: disk free 25GB
[2026-05-27T15:30:01Z] OK: all containers running
[2026-05-27T15:30:01Z] OK: http /stats=302
[2026-05-27T15:30:01Z] OK: backup freshness 13h
[2026-05-27T15:30:01Z] OK: disk free 25GB
[2026-05-27T15:40:01Z] OK: all containers running
[2026-05-27T15:40:01Z] OK: http /stats=302
[2026-05-27T15:40:01Z] OK: backup freshness 13h
[2026-05-27T15:40:01Z] OK: disk free 25GB
[2026-05-27T15:50:01Z] OK: all containers running
[2026-05-27T15:50:01Z] OK: http /stats=302
[2026-05-27T15:50:01Z] OK: backup freshness 14h
[2026-05-27T15:50:01Z] OK: disk free 25GB
[2026-05-27T16:00:01Z] OK: all containers running
[2026-05-27T16:00:01Z] OK: http /stats=302
[2026-05-27T16:00:01Z] OK: backup freshness 14h
[2026-05-27T16:00:01Z] OK: disk free 25GB
[2026-05-27T16:10:02Z] OK: all containers running
[2026-05-27T16:10:02Z] OK: http /stats=302
[2026-05-27T16:10:02Z] OK: backup freshness 14h
[2026-05-27T16:10:02Z] OK: disk free 25GB
[2026-05-27T16:20:02Z] OK: all containers running
[2026-05-27T16:20:02Z] OK: http /stats=302
[2026-05-27T16:20:02Z] OK: backup freshness 14h
[2026-05-27T16:20:02Z] OK: disk free 25GB
[2026-05-27T16:30:02Z] OK: all containers running
[2026-05-27T16:30:02Z] OK: http /stats=302
[2026-05-27T16:30:02Z] OK: backup freshness 14h
[2026-05-27T16:30:02Z] OK: disk free 25GB
[2026-05-27T16:40:02Z] OK: all containers running
[2026-05-27T16:40:02Z] OK: http /stats=302
[2026-05-27T16:40:02Z] OK: backup freshness 15h
[2026-05-27T16:40:02Z] OK: disk free 25GB
[2026-05-27T16:50:02Z] OK: all containers running
[2026-05-27T16:50:02Z] OK: http /stats=302
[2026-05-27T16:50:02Z] OK: backup freshness 15h
[2026-05-27T16:50:02Z] OK: disk free 25GB
[2026-05-27T17:00:02Z] OK: all containers running
[2026-05-27T17:00:02Z] OK: http /stats=302
[2026-05-27T17:00:02Z] OK: backup freshness 15h
[2026-05-27T17:00:02Z] OK: disk free 25GB
[2026-05-27T17:10:02Z] OK: all containers running
[2026-05-27T17:10:02Z] OK: http /stats=302
[2026-05-27T17:10:02Z] OK: backup freshness 15h
[2026-05-27T17:10:02Z] OK: disk free 25GB
[2026-05-27T17:20:02Z] OK: all containers running
[2026-05-27T17:20:02Z] OK: http /stats=302
[2026-05-27T17:20:02Z] OK: backup freshness 15h
[2026-05-27T17:20:02Z] OK: disk free 25GB
[2026-05-27T17:30:02Z] OK: all containers running
[2026-05-27T17:30:02Z] OK: http /stats=302
[2026-05-27T17:30:02Z] OK: backup freshness 15h
[2026-05-27T17:30:02Z] OK: disk free 25GB
[2026-05-27T17:40:02Z] OK: all containers running
[2026-05-27T17:40:02Z] OK: http /stats=302
[2026-05-27T17:40:02Z] OK: backup freshness 16h
[2026-05-27T17:40:02Z] OK: disk free 25GB
[2026-05-27T17:50:02Z] OK: all containers running
[2026-05-27T17:50:02Z] OK: http /stats=302
[2026-05-27T17:50:02Z] OK: backup freshness 16h
[2026-05-27T17:50:02Z] OK: disk free 25GB
[2026-05-27T18:00:02Z] OK: all containers running
[2026-05-27T18:00:02Z] OK: http /stats=302
[2026-05-27T18:00:02Z] OK: backup freshness 16h
[2026-05-27T18:00:02Z] OK: disk free 25GB
[2026-05-27T18:10:02Z] OK: all containers running
[2026-05-27T18:10:02Z] OK: http /stats=302
[2026-05-27T18:10:02Z] OK: backup freshness 16h
[2026-05-27T18:10:02Z] OK: disk free 25GB
[2026-05-27T18:20:02Z] OK: all containers running
[2026-05-27T18:20:02Z] OK: http /stats=302
[2026-05-27T18:20:02Z] OK: backup freshness 16h
[2026-05-27T18:20:02Z] OK: disk free 25GB
[2026-05-27T18:30:02Z] OK: all containers running
[2026-05-27T18:30:02Z] OK: http /stats=302
[2026-05-27T18:30:02Z] OK: backup freshness 16h
[2026-05-27T18:30:02Z] OK: disk free 25GB
[2026-05-27T18:40:02Z] OK: all containers running
[2026-05-27T18:40:02Z] OK: http /stats=302
[2026-05-27T18:40:02Z] OK: backup freshness 17h
[2026-05-27T18:40:02Z] OK: disk free 25GB
[2026-05-27T18:50:02Z] OK: all containers running
[2026-05-27T18:50:02Z] OK: http /stats=302
[2026-05-27T18:50:02Z] OK: backup freshness 17h
[2026-05-27T18:50:02Z] OK: disk free 25GB
[2026-05-27T19:00:01Z] OK: all containers running
[2026-05-27T19:00:01Z] OK: http /stats=302
[2026-05-27T19:00:01Z] OK: backup freshness 17h
[2026-05-27T19:00:01Z] OK: disk free 25GB
[2026-05-27T19:10:01Z] OK: all containers running
[2026-05-27T19:10:01Z] OK: http /stats=302
[2026-05-27T19:10:01Z] OK: backup freshness 17h
[2026-05-27T19:10:01Z] OK: disk free 25GB
[2026-05-27T19:20:02Z] OK: all containers running
[2026-05-27T19:20:02Z] OK: http /stats=302
[2026-05-27T19:20:02Z] OK: backup freshness 17h
[2026-05-27T19:20:02Z] OK: disk free 25GB
[2026-05-27T19:30:02Z] OK: all containers running
[2026-05-27T19:30:02Z] OK: http /stats=302
[2026-05-27T19:30:02Z] OK: backup freshness 17h
[2026-05-27T19:30:02Z] OK: disk free 25GB
[2026-05-27T19:40:02Z] OK: all containers running
[2026-05-27T19:40:02Z] OK: http /stats=302
[2026-05-27T19:40:02Z] OK: backup freshness 18h
[2026-05-27T19:40:02Z] OK: disk free 25GB
[2026-05-27T19:50:02Z] OK: all containers running
[2026-05-27T19:50:02Z] OK: http /stats=302
[2026-05-27T19:50:02Z] OK: backup freshness 18h
[2026-05-27T19:50:02Z] OK: disk free 25GB
[2026-05-27T20:00:02Z] OK: all containers running
[2026-05-27T20:00:02Z] OK: http /stats=302
[2026-05-27T20:00:02Z] OK: backup freshness 18h
[2026-05-27T20:00:02Z] OK: disk free 25GB
[2026-05-27T20:10:01Z] OK: all containers running
[2026-05-27T20:10:01Z] OK: http /stats=302
[2026-05-27T20:10:01Z] OK: backup freshness 18h
[2026-05-27T20:10:01Z] OK: disk free 25GB
[2026-05-27T20:20:02Z] OK: all containers running
[2026-05-27T20:20:02Z] OK: http /stats=302
[2026-05-27T20:20:02Z] OK: backup freshness 18h
[2026-05-27T20:20:02Z] OK: disk free 25GB
[2026-05-27T20:30:02Z] OK: all containers running
[2026-05-27T20:30:02Z] OK: http /stats=302
[2026-05-27T20:30:02Z] OK: backup freshness 18h
[2026-05-27T20:30:02Z] OK: disk free 25GB
[2026-05-27T20:40:01Z] OK: all containers running
[2026-05-27T20:40:01Z] OK: http /stats=302
[2026-05-27T20:40:01Z] OK: backup freshness 18h
[2026-05-27T20:40:01Z] OK: disk free 25GB
[2026-05-27T20:50:02Z] OK: all containers running
[2026-05-27T20:50:02Z] OK: http /stats=302
[2026-05-27T20:50:02Z] OK: backup freshness 19h
[2026-05-27T20:50:02Z] OK: disk free 24GB
[2026-05-27T21:00:02Z] OK: all containers running
[2026-05-27T21:00:02Z] OK: http /stats=302
[2026-05-27T21:00:02Z] OK: backup freshness 19h
[2026-05-27T21:00:02Z] OK: disk free 24GB
[2026-05-27T21:10:02Z] OK: all containers running
[2026-05-27T21:10:02Z] OK: http /stats=302
[2026-05-27T21:10:02Z] OK: backup freshness 19h
[2026-05-27T21:10:02Z] OK: disk free 24GB
[2026-05-27T21:20:02Z] OK: all containers running
[2026-05-27T21:20:02Z] OK: http /stats=302
[2026-05-27T21:20:02Z] OK: backup freshness 19h
[2026-05-27T21:20:02Z] OK: disk free 24GB
[2026-05-27T21:30:02Z] OK: all containers running
[2026-05-27T21:30:02Z] OK: http /stats=302
[2026-05-27T21:30:02Z] OK: backup freshness 19h
[2026-05-27T21:30:02Z] OK: disk free 24GB
[2026-05-27T21:40:02Z] OK: all containers running
[2026-05-27T21:40:02Z] OK: http /stats=302
[2026-05-27T21:40:02Z] OK: backup freshness 20h
[2026-05-27T21:40:02Z] OK: disk free 24GB
[2026-05-27T21:50:02Z] OK: all containers running
[2026-05-27T21:50:02Z] OK: http /stats=302
[2026-05-27T21:50:02Z] OK: backup freshness 20h
[2026-05-27T21:50:02Z] OK: disk free 24GB
[2026-05-27T22:10:05Z] OK: all containers running
[2026-05-27T22:10:05Z] FAIL: http /stats returned 000
[2026-05-27T22:20:02Z] OK: all containers running
[2026-05-27T22:20:02Z] OK: http /stats=302
[2026-05-27T22:20:02Z] OK: backup freshness 20h
[2026-05-27T22:20:02Z] OK: disk free 20GB
[2026-05-27T22:30:02Z] OK: all containers running
[2026-05-27T22:30:02Z] OK: http /stats=302
[2026-05-27T22:30:02Z] OK: backup freshness 20h
[2026-05-27T22:30:02Z] OK: disk free 20GB
[2026-05-27T22:40:01Z] OK: all containers running
[2026-05-27T22:40:01Z] OK: http /stats=302
[2026-05-27T22:40:01Z] OK: backup freshness 20h
[2026-05-27T22:40:01Z] OK: disk free 20GB
[2026-05-27T22:50:01Z] OK: all containers running
[2026-05-27T22:50:01Z] OK: http /stats=302
[2026-05-27T22:50:01Z] OK: backup freshness 21h
[2026-05-27T22:50:01Z] OK: disk free 20GB
[2026-05-27T23:00:02Z] OK: all containers running
[2026-05-27T23:00:02Z] OK: http /stats=302
[2026-05-27T23:00:02Z] OK: backup freshness 21h
[2026-05-27T23:00:02Z] OK: disk free 20GB
[2026-05-27T23:10:02Z] OK: all containers running
[2026-05-27T23:10:02Z] OK: http /stats=302
[2026-05-27T23:10:02Z] OK: backup freshness 21h
[2026-05-27T23:10:02Z] OK: disk free 20GB
[2026-05-27T23:20:01Z] FAIL: container ksysha-bot is not running
[2026-05-27T23:30:02Z] OK: all containers running
[2026-05-27T23:30:02Z] FAIL: http /stats returned 000
[2026-05-27T23:40:01Z] OK: all containers running
[2026-05-27T23:40:01Z] OK: http /stats=302
[2026-05-27T23:40:01Z] OK: backup freshness 21h
[2026-05-27T23:40:01Z] OK: disk free 20GB
[2026-05-27T23:50:02Z] OK: all containers running
[2026-05-27T23:50:02Z] OK: http /stats=302
[2026-05-27T23:50:02Z] OK: backup freshness 22h
[2026-05-27T23:50:02Z] OK: disk free 20GB
[2026-05-28T00:00:02Z] OK: all containers running
[2026-05-28T00:00:02Z] OK: http /stats=302
[2026-05-28T00:00:02Z] OK: backup freshness 22h
[2026-05-28T00:00:02Z] OK: disk free 20GB
[2026-05-28T00:10:02Z] OK: all containers running
[2026-05-28T00:10:02Z] OK: http /stats=302
[2026-05-28T00:10:02Z] OK: backup freshness 22h
[2026-05-28T00:10:02Z] OK: disk free 19GB
[2026-05-28T00:20:01Z] OK: all containers running
[2026-05-28T00:20:01Z] OK: http /stats=302
[2026-05-28T00:20:01Z] OK: backup freshness 22h
[2026-05-28T00:20:01Z] OK: disk free 19GB
[2026-05-28T00:30:02Z] OK: all containers running
[2026-05-28T00:30:02Z] OK: http /stats=302
[2026-05-28T00:30:02Z] OK: backup freshness 22h
[2026-05-28T00:30:02Z] OK: disk free 19GB
[2026-05-28T00:40:01Z] OK: all containers running
[2026-05-28T00:40:01Z] OK: http /stats=302
[2026-05-28T00:40:01Z] OK: backup freshness 22h
[2026-05-28T00:40:01Z] OK: disk free 19GB
[2026-05-28T00:50:01Z] OK: all containers running
[2026-05-28T00:50:01Z] OK: http /stats=302
[2026-05-28T00:50:01Z] OK: backup freshness 23h
[2026-05-28T00:50:01Z] OK: disk free 19GB
[2026-05-28T01:00:02Z] OK: all containers running
[2026-05-28T01:00:02Z] OK: http /stats=302
[2026-05-28T01:00:02Z] OK: backup freshness 23h
[2026-05-28T01:00:02Z] OK: disk free 19GB
[2026-05-28T01:10:02Z] OK: all containers running
[2026-05-28T01:10:02Z] OK: http /stats=302
[2026-05-28T01:10:02Z] OK: backup freshness 23h
[2026-05-28T01:10:02Z] OK: disk free 19GB
[2026-05-28T01:20:02Z] OK: all containers running
[2026-05-28T01:20:02Z] OK: http /stats=302
[2026-05-28T01:20:02Z] OK: backup freshness 23h
[2026-05-28T01:20:02Z] OK: disk free 19GB
[2026-05-28T01:30:02Z] OK: all containers running
[2026-05-28T01:30:02Z] OK: http /stats=302
[2026-05-28T01:30:02Z] OK: backup freshness 23h
[2026-05-28T01:30:02Z] OK: disk free 19GB
[2026-05-28T01:40:01Z] OK: all containers running
[2026-05-28T01:40:01Z] OK: http /stats=302
[2026-05-28T01:40:01Z] OK: backup freshness 0h
[2026-05-28T01:40:02Z] OK: disk free 19GB
[2026-05-28T01:50:02Z] OK: all containers running
[2026-05-28T01:50:02Z] OK: http /stats=302
[2026-05-28T01:50:02Z] OK: backup freshness 0h
[2026-05-28T01:50:02Z] OK: disk free 19GB
[2026-05-28T02:00:01Z] OK: all containers running
[2026-05-28T02:00:01Z] OK: http /stats=302
[2026-05-28T02:00:01Z] OK: backup freshness 0h
[2026-05-28T02:00:01Z] OK: disk free 19GB
[2026-05-28T02:10:01Z] OK: all containers running
[2026-05-28T02:10:01Z] OK: http /stats=302
[2026-05-28T02:10:01Z] OK: backup freshness 0h
[2026-05-28T02:10:01Z] OK: disk free 19GB
[2026-05-28T02:20:01Z] OK: all containers running
[2026-05-28T02:20:01Z] OK: http /stats=302
[2026-05-28T02:20:01Z] OK: backup freshness 0h
[2026-05-28T02:20:01Z] OK: disk free 19GB
[2026-05-28T02:30:01Z] OK: all containers running
[2026-05-28T02:30:01Z] OK: http /stats=302
[2026-05-28T02:30:01Z] OK: backup freshness 0h
[2026-05-28T02:30:01Z] OK: disk free 19GB
[2026-05-28T02:40:01Z] OK: all containers running
[2026-05-28T02:40:01Z] OK: http /stats=302
[2026-05-28T02:40:01Z] OK: backup freshness 1h
[2026-05-28T02:40:01Z] OK: disk free 19GB
[2026-05-28T02:50:01Z] OK: all containers running
[2026-05-28T02:50:01Z] OK: http /stats=302
[2026-05-28T02:50:01Z] OK: backup freshness 1h
[2026-05-28T02:50:01Z] OK: disk free 19GB
[2026-05-28T03:00:02Z] OK: all containers running
[2026-05-28T03:00:02Z] OK: http /stats=302
[2026-05-28T03:00:02Z] OK: backup freshness 1h
[2026-05-28T03:00:02Z] OK: disk free 19GB
[2026-05-28T03:10:01Z] OK: all containers running
[2026-05-28T03:10:01Z] OK: http /stats=302
[2026-05-28T03:10:01Z] OK: backup freshness 1h
[2026-05-28T03:10:01Z] OK: disk free 19GB
[2026-05-28T03:20:01Z] OK: all containers running
[2026-05-28T03:20:01Z] OK: http /stats=302
[2026-05-28T03:20:01Z] OK: backup freshness 1h
[2026-05-28T03:20:01Z] OK: disk free 19GB
[2026-05-28T03:30:02Z] OK: all containers running
[2026-05-28T03:30:02Z] OK: http /stats=302
[2026-05-28T03:30:02Z] OK: backup freshness 1h
[2026-05-28T03:30:02Z] OK: disk free 19GB
[2026-05-28T03:40:01Z] OK: all containers running
[2026-05-28T03:40:01Z] OK: http /stats=302
[2026-05-28T03:40:01Z] OK: backup freshness 2h
[2026-05-28T03:40:01Z] OK: disk free 19GB
[2026-05-28T03:50:01Z] OK: all containers running
[2026-05-28T03:50:01Z] OK: http /stats=302
[2026-05-28T03:50:01Z] OK: backup freshness 2h
[2026-05-28T03:50:01Z] OK: disk free 19GB
[2026-05-28T04:00:02Z] OK: all containers running
[2026-05-28T04:00:02Z] OK: http /stats=302
[2026-05-28T04:00:02Z] OK: backup freshness 2h
[2026-05-28T04:00:02Z] OK: disk free 19GB
[2026-05-28T04:10:02Z] OK: all containers running
[2026-05-28T04:10:02Z] OK: http /stats=302
[2026-05-28T04:10:02Z] OK: backup freshness 2h
[2026-05-28T04:10:02Z] OK: disk free 19GB
[2026-05-28T04:20:02Z] OK: all containers running
[2026-05-28T04:20:02Z] OK: http /stats=302
[2026-05-28T04:20:02Z] OK: backup freshness 2h
[2026-05-28T04:20:02Z] OK: disk free 19GB
[2026-05-28T04:30:01Z] OK: all containers running
[2026-05-28T04:30:01Z] OK: http /stats=302
[2026-05-28T04:30:01Z] OK: backup freshness 2h
[2026-05-28T04:30:01Z] OK: disk free 19GB
[2026-05-28T04:40:01Z] OK: all containers running
[2026-05-28T04:40:01Z] OK: http /stats=302
[2026-05-28T04:40:01Z] OK: backup freshness 3h
[2026-05-28T04:40:01Z] OK: disk free 19GB
[2026-05-28T04:50:01Z] OK: all containers running
[2026-05-28T04:50:01Z] OK: http /stats=302
[2026-05-28T04:50:01Z] OK: backup freshness 3h
[2026-05-28T04:50:01Z] OK: disk free 19GB
[2026-05-28T05:00:01Z] OK: all containers running
[2026-05-28T05:00:01Z] OK: http /stats=302
[2026-05-28T05:00:01Z] OK: backup freshness 3h
[2026-05-28T05:00:01Z] OK: disk free 19GB
[2026-05-28T05:10:02Z] OK: all containers running
[2026-05-28T05:10:02Z] OK: http /stats=302
[2026-05-28T05:10:02Z] OK: backup freshness 3h
[2026-05-28T05:10:02Z] OK: disk free 19GB
[2026-05-28T05:20:01Z] OK: all containers running
[2026-05-28T05:20:01Z] OK: http /stats=302
[2026-05-28T05:20:01Z] OK: backup freshness 3h
[2026-05-28T05:20:01Z] OK: disk free 19GB
[2026-05-28T05:30:01Z] OK: all containers running
[2026-05-28T05:30:01Z] OK: http /stats=302
[2026-05-28T05:30:01Z] OK: backup freshness 3h
[2026-05-28T05:30:01Z] OK: disk free 19GB
[2026-05-28T05:40:01Z] OK: all containers running
[2026-05-28T05:40:01Z] OK: http /stats=302
[2026-05-28T05:40:01Z] OK: backup freshness 4h
[2026-05-28T05:40:01Z] OK: disk free 19GB
[2026-05-28T05:50:02Z] OK: all containers running
[2026-05-28T05:50:02Z] OK: http /stats=302
[2026-05-28T05:50:02Z] OK: backup freshness 4h
[2026-05-28T05:50:02Z] OK: disk free 19GB
[2026-05-28T06:00:02Z] OK: all containers running
[2026-05-28T06:00:02Z] OK: http /stats=302
[2026-05-28T06:00:02Z] OK: backup freshness 4h
[2026-05-28T06:00:02Z] OK: disk free 19GB
[2026-05-28T06:10:01Z] OK: all containers running
[2026-05-28T06:10:02Z] OK: http /stats=302
[2026-05-28T06:10:02Z] OK: backup freshness 4h
[2026-05-28T06:10:02Z] OK: disk free 19GB
[2026-05-28T06:20:01Z] OK: all containers running
[2026-05-28T06:20:01Z] OK: http /stats=302
[2026-05-28T06:20:01Z] OK: backup freshness 4h
[2026-05-28T06:20:01Z] OK: disk free 19GB
[2026-05-28T06:30:01Z] OK: all containers running
[2026-05-28T06:30:01Z] OK: http /stats=302
[2026-05-28T06:30:01Z] OK: backup freshness 4h
[2026-05-28T06:30:01Z] OK: disk free 19GB
[2026-05-28T06:40:01Z] OK: all containers running
[2026-05-28T06:40:01Z] OK: http /stats=302
[2026-05-28T06:40:01Z] OK: backup freshness 5h
[2026-05-28T06:40:02Z] OK: disk free 19GB
[2026-05-28T06:50:02Z] OK: all containers running
[2026-05-28T06:50:02Z] OK: http /stats=302
[2026-05-28T06:50:02Z] OK: backup freshness 5h
[2026-05-28T06:50:02Z] OK: disk free 19GB
[2026-05-28T07:00:02Z] OK: all containers running
[2026-05-28T07:00:02Z] OK: http /stats=302
[2026-05-28T07:00:02Z] OK: backup freshness 5h
[2026-05-28T07:00:02Z] OK: disk free 19GB
[2026-05-28T07:10:01Z] OK: all containers running
[2026-05-28T07:10:01Z] OK: http /stats=302
[2026-05-28T07:10:01Z] OK: backup freshness 5h
[2026-05-28T07:10:01Z] OK: disk free 19GB
[2026-05-28T07:20:01Z] OK: all containers running
[2026-05-28T07:20:02Z] OK: http /stats=302
[2026-05-28T07:20:02Z] OK: backup freshness 5h
[2026-05-28T07:20:02Z] OK: disk free 19GB
[2026-05-28T07:30:02Z] OK: all containers running
[2026-05-28T07:30:02Z] OK: http /stats=302
[2026-05-28T07:30:02Z] OK: backup freshness 5h
[2026-05-28T07:30:02Z] OK: disk free 19GB
[2026-05-28T07:40:01Z] OK: all containers running
[2026-05-28T07:40:01Z] OK: http /stats=302
[2026-05-28T07:40:01Z] OK: backup freshness 6h
[2026-05-28T07:40:01Z] OK: disk free 19GB
[2026-05-28T07:50:01Z] OK: all containers running
[2026-05-28T07:50:01Z] OK: http /stats=302
[2026-05-28T07:50:01Z] OK: backup freshness 6h
[2026-05-28T07:50:01Z] OK: disk free 19GB
[2026-05-28T08:00:02Z] OK: all containers running
[2026-05-28T08:00:02Z] OK: http /stats=302
[2026-05-28T08:00:02Z] OK: backup freshness 6h
[2026-05-28T08:00:02Z] OK: disk free 19GB
[2026-05-28T08:10:01Z] OK: all containers running
[2026-05-28T08:10:01Z] OK: http /stats=302
[2026-05-28T08:10:01Z] OK: backup freshness 6h
[2026-05-28T08:10:01Z] OK: disk free 19GB
[2026-05-28T08:20:01Z] OK: all containers running
[2026-05-28T08:20:01Z] OK: http /stats=302
[2026-05-28T08:20:01Z] OK: backup freshness 6h
[2026-05-28T08:20:01Z] OK: disk free 19GB
[2026-05-28T08:30:02Z] OK: all containers running
[2026-05-28T08:30:02Z] OK: http /stats=302
[2026-05-28T08:30:02Z] OK: backup freshness 6h
[2026-05-28T08:30:02Z] OK: disk free 19GB
[2026-05-28T08:40:02Z] OK: all containers running
[2026-05-28T08:40:02Z] OK: http /stats=302
[2026-05-28T08:40:02Z] OK: backup freshness 7h
[2026-05-28T08:40:02Z] OK: disk free 19GB
[2026-05-28T08:50:01Z] OK: all containers running
[2026-05-28T08:50:01Z] OK: http /stats=302
[2026-05-28T08:50:01Z] OK: backup freshness 7h
[2026-05-28T08:50:01Z] OK: disk free 19GB
[2026-05-28T09:00:01Z] OK: all containers running
[2026-05-28T09:00:01Z] OK: http /stats=302
[2026-05-28T09:00:01Z] OK: backup freshness 7h
[2026-05-28T09:00:01Z] OK: disk free 19GB
[2026-05-28T09:10:01Z] OK: all containers running
[2026-05-28T09:10:01Z] OK: http /stats=302
[2026-05-28T09:10:01Z] OK: backup freshness 7h
[2026-05-28T09:10:01Z] OK: disk free 19GB
[2026-05-28T09:20:02Z] OK: all containers running
[2026-05-28T09:20:02Z] OK: http /stats=302
[2026-05-28T09:20:02Z] OK: backup freshness 7h
[2026-05-28T09:20:02Z] OK: disk free 19GB
[2026-05-28T09:30:02Z] OK: all containers running
[2026-05-28T09:30:03Z] OK: http /stats=302
[2026-05-28T09:30:03Z] OK: backup freshness 7h
[2026-05-28T09:30:03Z] OK: disk free 19GB
[2026-05-28T09:40:02Z] OK: all containers running
[2026-05-28T09:40:02Z] OK: http /stats=302
[2026-05-28T09:40:02Z] OK: backup freshness 8h
[2026-05-28T09:40:02Z] OK: disk free 19GB
[2026-05-28T09:50:01Z] OK: all containers running
[2026-05-28T09:50:01Z] OK: http /stats=302
[2026-05-28T09:50:01Z] OK: backup freshness 8h
[2026-05-28T09:50:01Z] OK: disk free 19GB
[2026-05-28T10:00:01Z] OK: all containers running
[2026-05-28T10:00:01Z] OK: http /stats=302
[2026-05-28T10:00:01Z] OK: backup freshness 8h
[2026-05-28T10:00:01Z] OK: disk free 19GB
[2026-05-28T10:10:01Z] OK: all containers running
[2026-05-28T10:10:02Z] OK: http /stats=302
[2026-05-28T10:10:02Z] OK: backup freshness 8h
[2026-05-28T10:10:02Z] OK: disk free 19GB
[2026-05-28T10:20:02Z] OK: all containers running
[2026-05-28T10:20:02Z] OK: http /stats=302
[2026-05-28T10:20:02Z] OK: backup freshness 8h
[2026-05-28T10:20:02Z] OK: disk free 19GB
[2026-05-28T10:30:02Z] OK: all containers running
[2026-05-28T10:30:02Z] OK: http /stats=302
[2026-05-28T10:30:02Z] OK: backup freshness 8h
[2026-05-28T10:30:02Z] OK: disk free 19GB
[2026-05-28T10:40:01Z] OK: all containers running
[2026-05-28T10:40:01Z] OK: http /stats=302
[2026-05-28T10:40:01Z] OK: backup freshness 9h
[2026-05-28T10:40:01Z] OK: disk free 19GB
[2026-05-28T10:50:01Z] OK: all containers running
[2026-05-28T10:50:01Z] OK: http /stats=302
[2026-05-28T10:50:01Z] OK: backup freshness 9h
[2026-05-28T10:50:01Z] OK: disk free 19GB
[2026-05-28T11:00:02Z] OK: all containers running
[2026-05-28T11:00:02Z] OK: http /stats=302
[2026-05-28T11:00:02Z] OK: backup freshness 9h
[2026-05-28T11:00:02Z] OK: disk free 19GB
[2026-05-28T11:10:01Z] OK: all containers running
[2026-05-28T11:10:01Z] OK: http /stats=302
[2026-05-28T11:10:01Z] OK: backup freshness 9h
[2026-05-28T11:10:01Z] OK: disk free 19GB
[2026-05-28T11:20:02Z] OK: all containers running
[2026-05-28T11:20:02Z] OK: http /stats=302
[2026-05-28T11:20:02Z] OK: backup freshness 9h
[2026-05-28T11:20:02Z] OK: disk free 19GB
[2026-05-28T11:30:01Z] OK: all containers running
[2026-05-28T11:30:01Z] OK: http /stats=302
[2026-05-28T11:30:01Z] OK: backup freshness 9h
[2026-05-28T11:30:01Z] OK: disk free 19GB
[2026-05-28T11:40:02Z] OK: all containers running
[2026-05-28T11:40:02Z] OK: http /stats=302
[2026-05-28T11:40:02Z] OK: backup freshness 10h
[2026-05-28T11:40:02Z] OK: disk free 19GB
[2026-05-28T11:50:01Z] OK: all containers running
[2026-05-28T11:50:01Z] OK: http /stats=302
[2026-05-28T11:50:01Z] OK: backup freshness 10h
[2026-05-28T11:50:01Z] OK: disk free 19GB
[2026-05-28T12:00:02Z] OK: all containers running
[2026-05-28T12:00:02Z] OK: http /stats=302
[2026-05-28T12:00:02Z] OK: backup freshness 10h
[2026-05-28T12:00:02Z] OK: disk free 19GB
[2026-05-28T12:10:01Z] OK: all containers running
[2026-05-28T12:10:01Z] OK: http /stats=302
[2026-05-28T12:10:01Z] OK: backup freshness 10h
[2026-05-28T12:10:01Z] OK: disk free 19GB
[2026-05-28T12:20:02Z] OK: all containers running
[2026-05-28T12:20:02Z] OK: http /stats=302
[2026-05-28T12:20:02Z] OK: backup freshness 10h
[2026-05-28T12:20:02Z] OK: disk free 19GB
[2026-05-28T12:30:02Z] OK: all containers running
[2026-05-28T12:30:02Z] OK: http /stats=302
[2026-05-28T12:30:02Z] OK: backup freshness 10h
[2026-05-28T12:30:02Z] OK: disk free 19GB
[2026-05-28T12:40:02Z] OK: all containers running
[2026-05-28T12:40:02Z] OK: http /stats=302
[2026-05-28T12:40:02Z] OK: backup freshness 11h
[2026-05-28T12:40:02Z] OK: disk free 19GB
[2026-05-28T12:50:01Z] OK: all containers running
[2026-05-28T12:50:01Z] OK: http /stats=302
[2026-05-28T12:50:01Z] OK: backup freshness 11h
[2026-05-28T12:50:01Z] OK: disk free 19GB
[2026-05-28T13:00:02Z] OK: all containers running
[2026-05-28T13:00:02Z] OK: http /stats=302
[2026-05-28T13:00:02Z] OK: backup freshness 11h
[2026-05-28T13:00:02Z] OK: disk free 19GB
[2026-05-28T13:10:01Z] OK: all containers running
[2026-05-28T13:10:01Z] OK: http /stats=302
[2026-05-28T13:10:01Z] OK: backup freshness 11h
[2026-05-28T13:10:01Z] OK: disk free 19GB
[2026-05-28T13:20:02Z] OK: all containers running
[2026-05-28T13:20:02Z] OK: http /stats=302
[2026-05-28T13:20:02Z] OK: backup freshness 11h
[2026-05-28T13:20:02Z] OK: disk free 19GB
[2026-05-28T13:30:02Z] OK: all containers running
[2026-05-28T13:30:02Z] OK: http /stats=302
[2026-05-28T13:30:02Z] OK: backup freshness 11h
[2026-05-28T13:30:02Z] OK: disk free 19GB
[2026-05-28T13:40:02Z] OK: all containers running
[2026-05-28T13:40:02Z] OK: http /stats=302
[2026-05-28T13:40:02Z] OK: backup freshness 12h
[2026-05-28T13:40:02Z] OK: disk free 19GB
[2026-05-28T13:50:02Z] OK: all containers running
[2026-05-28T13:50:02Z] OK: http /stats=302
[2026-05-28T13:50:02Z] OK: backup freshness 12h
[2026-05-28T13:50:02Z] OK: disk free 19GB
[2026-05-28T14:00:02Z] OK: all containers running
[2026-05-28T14:00:02Z] OK: http /stats=302
[2026-05-28T14:00:02Z] OK: backup freshness 12h
[2026-05-28T14:00:02Z] OK: disk free 19GB
[2026-05-28T14:10:02Z] OK: all containers running
[2026-05-28T14:10:02Z] OK: http /stats=302
[2026-05-28T14:10:02Z] OK: backup freshness 12h
[2026-05-28T14:10:02Z] OK: disk free 19GB
[2026-05-28T14:20:02Z] OK: all containers running
[2026-05-28T14:20:02Z] OK: http /stats=302
[2026-05-28T14:20:02Z] OK: backup freshness 12h
[2026-05-28T14:20:02Z] OK: disk free 19GB
[2026-05-28T14:30:02Z] OK: all containers running
[2026-05-28T14:30:02Z] OK: http /stats=302
[2026-05-28T14:30:02Z] OK: backup freshness 12h
[2026-05-28T14:30:02Z] OK: disk free 19GB
[2026-05-28T14:40:02Z] OK: all containers running
[2026-05-28T14:40:02Z] OK: http /stats=302
[2026-05-28T14:40:02Z] OK: backup freshness 13h
[2026-05-28T14:40:02Z] OK: disk free 19GB
[2026-05-28T14:50:01Z] OK: all containers running
[2026-05-28T14:50:01Z] OK: http /stats=302
[2026-05-28T14:50:01Z] OK: backup freshness 13h
[2026-05-28T14:50:01Z] OK: disk free 19GB
[2026-05-28T15:00:02Z] OK: all containers running
[2026-05-28T15:00:02Z] OK: http /stats=302
[2026-05-28T15:00:02Z] OK: backup freshness 13h
[2026-05-28T15:00:02Z] OK: disk free 19GB
[2026-05-28T15:10:02Z] FAIL: container ksysha-bot is not running
[2026-05-28T15:20:01Z] OK: all containers running
[2026-05-28T15:20:01Z] OK: http /stats=302
[2026-05-28T15:20:01Z] OK: backup freshness 13h
[2026-05-28T15:20:01Z] OK: disk free 19GB
[2026-05-28T15:30:02Z] OK: all containers running
[2026-05-28T15:30:02Z] OK: http /stats=302
[2026-05-28T15:30:02Z] OK: backup freshness 13h
[2026-05-28T15:30:02Z] OK: disk free 19GB
[2026-05-28T15:40:02Z] OK: all containers running
[2026-05-28T15:40:02Z] OK: http /stats=302
[2026-05-28T15:40:02Z] OK: backup freshness 14h
[2026-05-28T15:40:02Z] OK: disk free 19GB
[2026-05-28T15:50:02Z] OK: all containers running
[2026-05-28T15:50:02Z] OK: http /stats=302
[2026-05-28T15:50:02Z] OK: backup freshness 14h
[2026-05-28T15:50:02Z] OK: disk free 19GB
[2026-05-28T16:00:02Z] OK: all containers running
[2026-05-28T16:00:02Z] OK: http /stats=302
[2026-05-28T16:00:02Z] OK: backup freshness 14h
[2026-05-28T16:00:02Z] OK: disk free 19GB
[2026-05-28T16:10:02Z] OK: all containers running
[2026-05-28T16:10:02Z] OK: http /stats=302
[2026-05-28T16:10:02Z] OK: backup freshness 14h
[2026-05-28T16:10:02Z] OK: disk free 19GB
[2026-05-28T16:20:02Z] OK: all containers running
[2026-05-28T16:20:02Z] OK: http /stats=302
[2026-05-28T16:20:02Z] OK: backup freshness 14h
[2026-05-28T16:20:02Z] OK: disk free 19GB
[2026-05-28T16:30:02Z] OK: all containers running
[2026-05-28T16:30:02Z] OK: http /stats=302
[2026-05-28T16:30:02Z] OK: backup freshness 14h
[2026-05-28T16:30:02Z] OK: disk free 19GB
[2026-05-28T16:40:02Z] OK: all containers running
[2026-05-28T16:40:02Z] OK: http /stats=302
[2026-05-28T16:40:02Z] OK: backup freshness 15h
[2026-05-28T16:40:02Z] OK: disk free 19GB
[2026-05-28T16:50:02Z] OK: all containers running
[2026-05-28T16:50:02Z] OK: http /stats=302
[2026-05-28T16:50:02Z] OK: backup freshness 15h
[2026-05-28T16:50:02Z] OK: disk free 19GB
[2026-05-28T17:00:02Z] OK: all containers running
[2026-05-28T17:00:02Z] OK: http /stats=302
[2026-05-28T17:00:02Z] OK: backup freshness 15h
[2026-05-28T17:00:02Z] OK: disk free 19GB
[2026-05-28T17:10:01Z] OK: all containers running
[2026-05-28T17:10:01Z] OK: http /stats=302
[2026-05-28T17:10:01Z] OK: backup freshness 15h
[2026-05-28T17:10:02Z] OK: disk free 19GB
[2026-05-28T17:20:02Z] OK: all containers running
[2026-05-28T17:20:02Z] OK: http /stats=302
[2026-05-28T17:20:02Z] OK: backup freshness 15h
[2026-05-28T17:20:02Z] OK: disk free 19GB
[2026-05-28T17:30:02Z] OK: all containers running
[2026-05-28T17:30:02Z] OK: http /stats=302
[2026-05-28T17:30:02Z] OK: backup freshness 15h
[2026-05-28T17:30:02Z] OK: disk free 19GB
[2026-05-28T17:40:01Z] OK: all containers running
[2026-05-28T17:40:01Z] OK: http /stats=302
[2026-05-28T17:40:01Z] OK: backup freshness 16h
[2026-05-28T17:40:01Z] OK: disk free 19GB
[2026-05-28T17:50:02Z] OK: all containers running
[2026-05-28T17:50:02Z] OK: http /stats=302
[2026-05-28T17:50:02Z] OK: backup freshness 16h
[2026-05-28T17:50:02Z] OK: disk free 19GB
[2026-05-28T18:00:02Z] OK: all containers running
[2026-05-28T18:00:02Z] OK: http /stats=302
[2026-05-28T18:00:02Z] OK: backup freshness 16h
[2026-05-28T18:00:02Z] OK: disk free 19GB
[2026-05-28T18:10:01Z] OK: all containers running
[2026-05-28T18:10:01Z] OK: http /stats=302
[2026-05-28T18:10:01Z] OK: backup freshness 16h
[2026-05-28T18:10:01Z] OK: disk free 19GB
[2026-05-28T18:20:02Z] OK: all containers running
[2026-05-28T18:20:02Z] OK: http /stats=302
[2026-05-28T18:20:02Z] OK: backup freshness 16h
[2026-05-28T18:20:02Z] OK: disk free 19GB
[2026-05-28T18:30:02Z] OK: all containers running
[2026-05-28T18:30:02Z] OK: http /stats=302
[2026-05-28T18:30:02Z] OK: backup freshness 16h
[2026-05-28T18:30:02Z] OK: disk free 19GB
[2026-05-28T18:40:01Z] OK: all containers running
[2026-05-28T18:40:01Z] OK: http /stats=302
[2026-05-28T18:40:01Z] OK: backup freshness 17h
[2026-05-28T18:40:01Z] OK: disk free 19GB
[2026-05-28T18:50:02Z] OK: all containers running
[2026-05-28T18:50:02Z] OK: http /stats=302
[2026-05-28T18:50:02Z] OK: backup freshness 17h
[2026-05-28T18:50:02Z] OK: disk free 19GB
[2026-05-28T19:00:02Z] OK: all containers running
[2026-05-28T19:00:02Z] OK: http /stats=302
[2026-05-28T19:00:02Z] OK: backup freshness 17h
[2026-05-28T19:00:02Z] OK: disk free 19GB
[2026-05-28T19:10:01Z] OK: all containers running
[2026-05-28T19:10:02Z] OK: http /stats=302
[2026-05-28T19:10:02Z] OK: backup freshness 17h
[2026-05-28T19:10:02Z] OK: disk free 19GB
[2026-05-28T19:20:02Z] OK: all containers running
[2026-05-28T19:20:02Z] OK: http /stats=302
[2026-05-28T19:20:02Z] OK: backup freshness 17h
[2026-05-28T19:20:02Z] OK: disk free 19GB
[2026-05-28T19:30:02Z] OK: all containers running
[2026-05-28T19:30:02Z] OK: http /stats=302
[2026-05-28T19:30:02Z] OK: backup freshness 17h
[2026-05-28T19:30:02Z] OK: disk free 19GB
[2026-05-28T19:40:01Z] OK: all containers running
[2026-05-28T19:40:01Z] OK: http /stats=302
[2026-05-28T19:40:01Z] OK: backup freshness 18h
[2026-05-28T19:40:01Z] OK: disk free 19GB
[2026-05-28T19:50:01Z] OK: all containers running
[2026-05-28T19:50:01Z] OK: http /stats=302
[2026-05-28T19:50:01Z] OK: backup freshness 18h
[2026-05-28T19:50:01Z] OK: disk free 19GB
[2026-05-28T20:00:02Z] OK: all containers running
[2026-05-28T20:00:02Z] OK: http /stats=302
[2026-05-28T20:00:02Z] OK: backup freshness 18h
[2026-05-28T20:00:02Z] OK: disk free 19GB
[2026-05-28T20:10:01Z] OK: all containers running
[2026-05-28T20:10:02Z] OK: http /stats=302
[2026-05-28T20:10:02Z] OK: backup freshness 18h
[2026-05-28T20:10:02Z] OK: disk free 19GB
[2026-05-28T20:20:02Z] OK: all containers running
[2026-05-28T20:20:02Z] OK: http /stats=302
[2026-05-28T20:20:02Z] OK: backup freshness 18h
[2026-05-28T20:20:02Z] OK: disk free 19GB
[2026-05-28T20:30:02Z] OK: all containers running
[2026-05-28T20:30:02Z] OK: http /stats=302
[2026-05-28T20:30:02Z] OK: backup freshness 18h
[2026-05-28T20:30:02Z] OK: disk free 18GB
[2026-05-28T20:40:02Z] OK: all containers running
[2026-05-28T20:40:02Z] OK: http /stats=302
[2026-05-28T20:40:02Z] OK: backup freshness 19h
[2026-05-28T20:40:02Z] OK: disk free 18GB
[2026-05-28T20:50:02Z] OK: all containers running
[2026-05-28T20:50:02Z] OK: http /stats=302
[2026-05-28T20:50:02Z] OK: backup freshness 19h
[2026-05-28T20:50:02Z] OK: disk free 18GB
[2026-05-28T21:00:02Z] OK: all containers running
[2026-05-28T21:00:02Z] OK: http /stats=302
[2026-05-28T21:00:02Z] OK: backup freshness 19h
[2026-05-28T21:00:02Z] OK: disk free 18GB
[2026-05-28T21:10:02Z] OK: all containers running
[2026-05-28T21:10:02Z] OK: http /stats=302
[2026-05-28T21:10:02Z] OK: backup freshness 19h
[2026-05-28T21:10:02Z] OK: disk free 18GB
[2026-05-28T21:20:02Z] OK: all containers running
[2026-05-28T21:20:02Z] OK: http /stats=302
[2026-05-28T21:20:02Z] OK: backup freshness 19h
[2026-05-28T21:20:02Z] OK: disk free 18GB
[2026-05-28T21:30:02Z] OK: all containers running
[2026-05-28T21:30:02Z] OK: http /stats=302
[2026-05-28T21:30:02Z] OK: backup freshness 19h
[2026-05-28T21:30:02Z] OK: disk free 18GB
[2026-05-28T21:40:02Z] OK: all containers running
[2026-05-28T21:40:02Z] OK: http /stats=302
[2026-05-28T21:40:02Z] OK: backup freshness 20h
[2026-05-28T21:40:02Z] OK: disk free 18GB
[2026-05-28T21:50:01Z] OK: all containers running
[2026-05-28T21:50:01Z] OK: http /stats=302
[2026-05-28T21:50:01Z] OK: backup freshness 20h
[2026-05-28T21:50:01Z] OK: disk free 18GB
[2026-05-28T22:00:04Z] OK: all containers running
[2026-05-28T22:00:04Z] OK: http /stats=302
[2026-05-28T22:00:05Z] OK: backup freshness 20h
[2026-05-28T22:00:05Z] OK: disk free 18GB
[2026-05-28T22:10:01Z] OK: all containers running
[2026-05-28T22:10:01Z] OK: http /stats=302
[2026-05-28T22:10:01Z] OK: backup freshness 20h
[2026-05-28T22:10:01Z] OK: disk free 18GB
[2026-05-28T22:20:02Z] OK: all containers running
[2026-05-28T22:20:02Z] OK: http /stats=302
[2026-05-28T22:20:02Z] OK: backup freshness 20h
[2026-05-28T22:20:02Z] OK: disk free 18GB
[2026-05-28T22:30:02Z] OK: all containers running
[2026-05-28T22:30:02Z] OK: http /stats=302
[2026-05-28T22:30:02Z] OK: backup freshness 20h
[2026-05-28T22:30:02Z] OK: disk free 18GB
[2026-05-28T22:40:02Z] OK: all containers running
[2026-05-28T22:40:02Z] OK: http /stats=302
[2026-05-28T22:40:02Z] OK: backup freshness 21h
[2026-05-28T22:40:02Z] OK: disk free 18GB
[2026-05-28T22:50:02Z] OK: all containers running
[2026-05-28T22:50:02Z] OK: http /stats=302
[2026-05-28T22:50:02Z] OK: backup freshness 21h
[2026-05-28T22:50:02Z] OK: disk free 18GB
[2026-05-28T23:00:03Z] OK: all containers running
[2026-05-28T23:00:03Z] OK: http /stats=302
[2026-05-28T23:00:03Z] OK: backup freshness 21h
[2026-05-28T23:00:03Z] OK: disk free 18GB
[2026-05-28T23:10:01Z] OK: all containers running
[2026-05-28T23:10:01Z] OK: http /stats=302
[2026-05-28T23:10:01Z] OK: backup freshness 21h
[2026-05-28T23:10:01Z] OK: disk free 18GB
[2026-05-28T23:20:02Z] OK: all containers running
[2026-05-28T23:20:02Z] OK: http /stats=302
[2026-05-28T23:20:02Z] OK: backup freshness 21h
[2026-05-28T23:20:02Z] OK: disk free 18GB
[2026-05-28T23:30:01Z] OK: all containers running
[2026-05-28T23:30:02Z] OK: http /stats=302
[2026-05-28T23:30:02Z] OK: backup freshness 21h
[2026-05-28T23:30:02Z] OK: disk free 18GB
[2026-05-28T23:40:02Z] OK: all containers running
[2026-05-28T23:40:02Z] OK: http /stats=302
[2026-05-28T23:40:02Z] OK: backup freshness 22h
[2026-05-28T23:40:02Z] OK: disk free 18GB
[2026-05-28T23:50:01Z] OK: all containers running
[2026-05-28T23:50:01Z] OK: http /stats=302
[2026-05-28T23:50:01Z] OK: backup freshness 22h
[2026-05-28T23:50:01Z] OK: disk free 18GB
[2026-05-29T00:00:01Z] OK: all containers running
[2026-05-29T00:00:01Z] OK: http /stats=302
[2026-05-29T00:00:01Z] OK: backup freshness 22h
[2026-05-29T00:00:01Z] OK: disk free 18GB
[2026-05-29T00:10:02Z] OK: all containers running
[2026-05-29T00:10:02Z] OK: http /stats=302
[2026-05-29T00:10:02Z] OK: backup freshness 22h
[2026-05-29T00:10:02Z] OK: disk free 18GB
[2026-05-29T00:20:02Z] OK: all containers running
[2026-05-29T00:20:02Z] OK: http /stats=302
[2026-05-29T00:20:02Z] OK: backup freshness 22h
[2026-05-29T00:20:02Z] OK: disk free 18GB
[2026-05-29T00:30:02Z] OK: all containers running
[2026-05-29T00:30:02Z] OK: http /stats=302
[2026-05-29T00:30:02Z] OK: backup freshness 22h
[2026-05-29T00:30:02Z] OK: disk free 18GB
[2026-05-29T00:40:01Z] OK: all containers running
[2026-05-29T00:40:01Z] OK: http /stats=302
[2026-05-29T00:40:01Z] OK: backup freshness 23h
[2026-05-29T00:40:01Z] OK: disk free 18GB
[2026-05-29T00:50:02Z] OK: all containers running
[2026-05-29T00:50:02Z] OK: http /stats=302
[2026-05-29T00:50:02Z] OK: backup freshness 23h
[2026-05-29T00:50:02Z] OK: disk free 17GB
[2026-05-29T01:00:01Z] OK: all containers running
[2026-05-29T01:00:02Z] OK: http /stats=302
[2026-05-29T01:00:02Z] OK: backup freshness 23h
[2026-05-29T01:00:02Z] OK: disk free 17GB
[2026-05-29T01:10:02Z] OK: all containers running
[2026-05-29T01:10:02Z] OK: http /stats=302
[2026-05-29T01:10:02Z] OK: backup freshness 23h
[2026-05-29T01:10:02Z] OK: disk free 17GB
[2026-05-29T01:20:02Z] OK: all containers running
[2026-05-29T01:20:02Z] FAIL: http /stats returned 000
[2026-05-29T01:30:02Z] OK: all containers running
[2026-05-29T01:30:02Z] OK: http /stats=302
[2026-05-29T01:30:02Z] OK: backup freshness 23h
[2026-05-29T01:30:02Z] OK: disk free 17GB
[2026-05-29T01:40:02Z] OK: all containers running
[2026-05-29T01:40:02Z] OK: http /stats=302
[2026-05-29T01:40:02Z] OK: backup freshness 0h
[2026-05-29T01:40:02Z] OK: disk free 17GB
[2026-05-29T01:50:02Z] OK: all containers running
[2026-05-29T01:50:02Z] OK: http /stats=302
[2026-05-29T01:50:02Z] OK: backup freshness 0h
[2026-05-29T01:50:02Z] OK: disk free 16GB
